companyName,industryField,positionName,jobNature,createTime,financeStage,companyLabelList,companySize,city,district,positionType,education,positionAdvantage,Salary,salaryMax,salaryMin,salaryAvg,workYear
航班管家,移动互联网,企业客户销售代表,全职,2017-05-10 08:51:53,成熟型(C轮),"['技能培训', '带薪年假', '扁平管理', '绩效津贴']",500-2000人,武汉,武昌区,市场/商务/销售类,大专,"福利好,逼格高,发展快,有钱花",6k-8k,8,6,7.0,1-3年
汇金智融,"移动互联网,电子商务",高级手机移动开发人员（H5）,全职,2017-05-10 08:51:47,上市公司,"['年底双薪', '绩效奖金', '带薪年假', '弹性工作']",150-500人,深圳,南山区,开发/测试/运维类,本科,"互联网金融,绩效奖金,加班费",10k-13k,13,10,11.5,3-5年
汽车之家,"移动互联网,文化娱乐",高级AR开发工程师,全职,2017-05-10 08:51:30,上市公司,"['技能培训', '节日礼物', '带薪年假', '绩效奖金']",2000人以上,北京,海淀区,开发/测试/运维类,本科,绩效奖金、年终奖、带薪年病假,15k-25k,25,15,20.0,5-10年
博赢环深,移动互联网,Java项目经理,全职,2017-05-10 08:51:27,成长型(A轮),"['技能培训', '股票期权', '专项奖金', '带薪年假']",15-50人,宁波,鄞州区,开发/测试/运维类,本科,"福利好,待遇高,上升空间足",15k-20k,20,15,17.5,3-5年
中国信通院,"信息安全,移动互联网",终端芯片研究与测试资深工程师,全职,2017-05-10 08:51:25,成熟型(不需要融资),"['年终分红', '绩效奖金', '带薪年假', '午餐补助']",2000人以上,北京,None,开发/测试/运维类,硕士,"事业单位,政府智库,六险一金",15k-20k,20,15,17.5,不限
CNICG,移动互联网,Java实习生（SIOV）,实习,2017-05-10 08:51:17,成长型(不需要融资),"['扁平管理', '定期体检', '五险一金']",50-150人,广州,南沙区,开发/测试/运维类,本科,"实习补贴,提供住宿,法定节假日",2k-3k,3,2,2.5,1年以下
美矣云计算,"移动互联网,电子商务",BD经理,全职,2017-05-10 08:51:11,初创型(不需要融资),"['技术大牛', '项目奖金', '带薪年假', '绩效奖金']",15-50人,杭州,滨江区,市场/商务/销售类,大专,"蓝海市场,前沿技术,销售提成,工作弹性大",15k-25k,25,15,20.0,5-10年
玄武科技,"移动互联网,招聘",测试工程师（云通信产品方向）,全职,2017-05-10 08:51:09,上市公司,"['绩效奖金', '年底双薪', '五险一金', '带薪年假']",500-2000人,广州,天河区,开发/测试/运维类,本科,"上市公司,薪资福利好,团队氛围好",8k-15k,15,8,11.5,不限
智慧星光,数据服务,高级java工程师-数据处理分析方向,全职,2017-05-10 08:51:06,成长型(不需要融资),"['五险一金', '岗位晋升', '带薪年假', '电话交通补贴']",150-500人,北京,海淀区,开发/测试/运维类,本科,"五险一金,带薪年假,交通补助,全勤奖",15k-25k,25,15,20.0,5-10年
广发信用卡中心,金融,市场主任,全职,2017-05-10 08:50:55,成熟型(不需要融资),"['技能培训', '年底双薪', '带薪年假', '绩效奖金']",2000人以上,广州,天河区,市场/商务/销售类,本科,五险一金，周末双休，带薪年假，提供食堂,10k-15k,15,10,12.5,3-5年
汉王精锐,电子商务,销售代表,全职,2017-05-10 08:50:54,初创型(不需要融资),"['绩效奖金', '带薪年假', '午餐补助', '通讯津贴']",15-50人,北京,None,市场/商务/销售类,大专,"五险一金,领导很棒",6k-8k,8,6,7.0,3-5年
苏美达集团,其他,制造板块项目经理,全职,2017-05-10 08:50:50,上市公司,[],2000人以上,南京,玄武区,开发/测试/运维类,本科,"国有企业,上市公司,管理规范,企业文化",10k-20k,20,10,15.0,3-5年
卡拉卡尔,"数据服务,文化娱乐",音乐内容专项运营（古典爵士电子乡村嘻哈等音乐风格）,全职,2017-05-10 08:50:42,成长型(不需要融资),"['技能培训', '节日礼物', '带薪年假', '绩效奖金']",150-500人,成都,高新区,运营/编辑/客服,大专,"五险一金,季度福利假,弹性上班,年终奖",4k-6k,6,4,5.0,1年以下
物银通,"金融,数据服务",大客户经理,全职,2017-05-10 08:50:40,成长型(B轮),"['年底双薪', '股票期权', '专项奖金', '绩效奖金']",50-150人,上海,徐汇区,市场/商务/销售类,大专,"氛围好,福利好,扁平化管理",8k-15k,15,8,11.5,3-5年
自由职客,移动互联网,java,全职,2017-05-10 08:50:39,初创型(未融资),[],50-150人,北京,None,开发/测试/运维类,不限,"高薪,尽快到岗",12k-15k,15,12,13.5,3-5年
汇金智融,"移动互联网,电子商务",高级Java开发,全职,2017-05-10 08:51:46,上市公司,"['年底双薪', '绩效奖金', '带薪年假', '弹性工作']",150-500人,深圳,南山区,开发/测试/运维类,本科,"互联网金融,年终奖,绩效奖金,加班费",15k-18k,18,15,16.5,5-10年
汽车之家,"移动互联网,文化娱乐",高级iOS研发工程师（3D图形引擎）,全职,2017-05-10 08:51:30,上市公司,"['技能培训', '节日礼物', '带薪年假', '绩效奖金']",2000人以上,北京,海淀区,开发/测试/运维类,本科,绩效奖金、年终奖、带薪年病假,20k-30k,30,20,25.0,5-10年
博赢环深,移动互联网,大数据开发工程师,全职,2017-05-10 08:51:26,成长型(A轮),"['技能培训', '股票期权', '专项奖金', '带薪年假']",15-50人,宁波,鄞州区,开发/测试/运维类,大专,"福利好,零食多,弹性工作",6k-12k,12,6,9.0,1-3年
CNICG,移动互联网,品牌策划总监,全职,2017-05-10 08:51:17,成长型(不需要融资),"['扁平管理', '定期体检', '五险一金']",50-150人,广州,南沙区,市场/商务/销售类,本科,"五险一金,节日福利,周末双休,带薪年假",13k-18k,18,13,15.5,5-10年
美矣云计算,"移动互联网,电子商务",客服,全职,2017-05-10 08:51:11,初创型(不需要融资),"['技术大牛', '项目奖金', '带薪年假', '绩效奖金']",15-50人,杭州,滨江区,运营/编辑/客服,大专,"事业前景好,团队氛围好,有单身帅哥",4k-5k,5,4,4.5,不限
玄武科技,"移动互联网,招聘",客服顾问,全职,2017-05-10 08:51:09,上市公司,"['绩效奖金', '年底双薪', '五险一金', '带薪年假']",500-2000人,广州,天河区,运营/编辑/客服,大专,"上市公司,发展前景好,氛围好,周末双休",3k-4k,4,3,3.5,1-3年
智慧星光,数据服务,自然语言处理工程师,全职,2017-05-10 08:51:02,成长型(不需要融资),"['五险一金', '岗位晋升', '带薪年假', '电话交通补贴']",150-500人,北京,海淀区,开发/测试/运维类,本科,"待遇优厚,晋升广,偏平管理,年底奖励",20k-40k,40,20,30.0,1-3年
广发信用卡中心,金融,市场规划分析主任,全职,2017-05-10 08:50:52,成熟型(不需要融资),"['技能培训', '年底双薪', '带薪年假', '绩效奖金']",2000人以上,广州,天河区,市场/商务/销售类,本科,福利待遇优厚 发展前景好 公司平台大,10k-15k,15,10,12.5,1-3年
苏美达集团,其他,软件开发工程师,全职,2017-05-10 08:50:48,上市公司,[],2000人以上,南京,玄武区,开发/测试/运维类,本科,"国有企业,上市公司,管理规范,企业文化",10k-20k,20,10,15.0,3-5年
卡拉卡尔,"数据服务,文化娱乐",音频分析工程师,全职,2017-05-10 08:50:42,成长型(不需要融资),"['技能培训', '节日礼物', '带薪年假', '绩效奖金']",150-500人,成都,高新区,开发/测试/运维类,大专,"五险一金,年终奖,弹性上班,季度福利假",10k-20k,20,10,15.0,1-3年
物银通,"金融,数据服务",品牌推广经理,全职,2017-05-10 08:50:38,成长型(B轮),"['年底双薪', '股票期权', '专项奖金', '绩效奖金']",50-150人,上海,徐汇区,市场/商务/销售类,本科,"氛围好,福利好,扁平化管理",15k-25k,25,15,20.0,3-5年
财略金融科技,金融,产品经理（IRA）,全职,2017-05-10 08:50:38,成长型(A轮),"['股票期权', '专项奖金', '带薪年假', '绩效奖金']",50-150人,广州,海珠区,产品/需求/项目类,不限,"双休,人性化管理,团队氛围好,发展空间大",8k-16k,16,8,12.0,1-3年
北京麦田,生活服务,渠道专员,全职,2017-05-10 08:50:28,成熟型(不需要融资),"['年底双薪', '节日礼物', '技能培训', '年度旅游']",2000人以上,北京,昌平区,市场/商务/销售类,大专,带薪培训,5k-8k,8,5,6.5,不限
信达集团,"O2O,电子商务",运营经理,全职,2017-05-10 08:50:15,成熟型(不需要融资),[],500-2000人,郑州,高新区,运营/编辑/客服,大专,"双休,六险一金,互联网集团,丰厚年终奖",6k-10k,10,6,8.0,3-5年
虎扑体育,"移动互联网,文化娱乐",销售经理,全职,2017-05-10 08:50:07,成熟型(D轮及以上),"['上班看球赛', '运动俱乐部', '大神分享会', '偶像零距离']",150-500人,北京,东城区,市场/商务/销售类,大专,互联网公司，职位发展空间广阔,6k-10k,10,6,8.0,不限
汇金智融,"移动互联网,电子商务",项目管理,全职,2017-05-10 08:51:45,上市公司,"['年底双薪', '绩效奖金', '带薪年假', '弹性工作']",150-500人,深圳,南山区,开发/测试/运维类,本科,"五险一金,年终奖,绩效奖金,加班费",13k-17k,17,13,15.0,5-10年
汽车之家,"移动互联网,文化娱乐",非车高级客户经理,全职,2017-05-10 08:51:30,上市公司,"['技能培训', '节日礼物', '带薪年假', '绩效奖金']",2000人以上,北京,海淀区,市场/商务/销售类,本科,绩效奖金、带薪年病假、团建假等,10k-18k,18,10,14.0,5-10年
博赢环深,移动互联网,大数据架构师,全职,2017-05-10 08:51:26,成长型(A轮),"['技能培训', '股票期权', '专项奖金', '带薪年假']",15-50人,宁波,鄞州区,开发/测试/运维类,大专,"福利好,零食多,弹性工作",8k-15k,15,8,11.5,1-3年
CNICG,移动互联网,食品安全管理员,全职,2017-05-10 08:51:17,成长型(不需要融资),"['扁平管理', '定期体检', '五险一金']",50-150人,广州,南沙区,其他,大专,"五险一金,节日福利,带薪年假,绩效奖金",5k-8k,8,5,6.5,1-3年
美矣云计算,"移动互联网,电子商务",销售经理,全职,2017-05-10 08:51:11,初创型(不需要融资),"['技术大牛', '项目奖金', '带薪年假', '绩效奖金']",15-50人,杭州,滨江区,市场/商务/销售类,不限,"蓝海产业,行业领先,销售提成,工作弹性",15k-25k,25,15,20.0,5-10年
玄武科技,"移动互联网,招聘",客服专员,全职,2017-05-10 08:51:09,上市公司,"['绩效奖金', '年底双薪', '五险一金', '带薪年假']",500-2000人,广州,天河区,运营/编辑/客服,大专,"上市公司,交通便利,氛围好,不用轮班",4k-5k,5,4,4.5,1-3年
广发信用卡中心,金融,联盟事业主任,全职,2017-05-10 08:50:51,成熟型(不需要融资),"['技能培训', '年底双薪', '带薪年假', '绩效奖金']",2000人以上,广州,天河区,市场/商务/销售类,本科,五险一金，周末双休，带薪年假，提供食堂,10k-15k,15,10,12.5,3-5年
智慧星光,数据服务,系统构建工程师,全职,2017-05-10 08:50:44,成长型(不需要融资),"['五险一金', '岗位晋升', '带薪年假', '电话交通补贴']",150-500人,北京,海淀区,开发/测试/运维类,本科,"五险一金,晋升空间",15k-25k,25,15,20.0,3-5年
卡拉卡尔,"数据服务,文化娱乐",内容编辑/运营（韩/德/法语/荷兰/意大利等）,全职,2017-05-10 08:50:42,成长型(不需要融资),"['技能培训', '节日礼物', '带薪年假', '绩效奖金']",150-500人,成都,高新区,运营/编辑/客服,不限,"五险一金,弹性上班,季度福利假,年终奖",3k-5k,5,3,4.0,1-3年
财略金融科技,金融,考拉-高级APP运营,全职,2017-05-10 08:50:38,成长型(A轮),"['股票期权', '专项奖金', '带薪年假', '绩效奖金']",50-150人,广州,海珠区,运营/编辑/客服,不限,"双休,发展空间,人性化管理,股票期权",8k-14k,14,8,11.0,5-10年
物银通,"金融,数据服务",风控副总监,全职,2017-05-10 08:50:36,成长型(B轮),"['年底双薪', '股票期权', '专项奖金', '绩效奖金']",50-150人,上海,徐汇区,金融类,本科,"氛围好,福利好,扁平化管理",15k-25k,25,15,20.0,5-10年
北京麦田,生活服务,营销储备干部,全职,2017-05-10 08:50:27,成熟型(不需要融资),"['年底双薪', '节日礼物', '技能培训', '年度旅游']",2000人以上,北京,朝阳区,运营/编辑/客服,大专,带薪培训 季度晋升 空间透明,5k-8k,8,5,6.5,不限
信达集团,"O2O,电子商务",测试开发工程师,全职,2017-05-10 08:50:14,成熟型(不需要融资),[],500-2000人,郑州,高新区,开发/测试/运维类,大专,"六险一金,双休,互联网集团,晋升空间大",6k-10k,10,6,8.0,5-10年
虎扑体育,"移动互联网,文化娱乐",户外直播运营主管,全职,2017-05-10 08:50:07,成熟型(D轮及以上),"['上班看球赛', '运动俱乐部', '大神分享会', '偶像零距离']",150-500人,上海,虹口区,运营/编辑/客服,大专,新平台，新机遇,7k-12k,12,7,9.5,不限
上海南棠实业有限公司,电子商务,eBay运营经理,全职,2017-05-10 08:50:03,成长型(不需要融资),[],150-500人,上海,None,运营/编辑/客服,不限,"带团队,带新人,管店铺,拼业绩",7k-14k,14,7,10.5,1-3年
博赢环深,移动互联网,市场经理,全职,2017-05-10 08:51:26,成长型(A轮),"['技能培训', '股票期权', '专项奖金', '带薪年假']",15-50人,宁波,鄞州区,市场/商务/销售类,大专,"福利好,颜值高,零食多,弹性工作",4k-8k,8,4,6.0,1-3年
CNICG,移动互联网,产品经理（扫码兽）,全职,2017-05-10 08:51:17,成长型(不需要融资),"['扁平管理', '定期体检', '五险一金']",50-150人,广州,南沙区,产品/需求/项目类,本科,"六险一金,年终奖金,节日福利",10k-16k,16,10,13.0,5-10年
美矣云计算,"移动互联网,电子商务",媒体公关（PR）,全职,2017-05-10 08:51:11,初创型(不需要融资),"['技术大牛', '项目奖金', '带薪年假', '绩效奖金']",15-50人,杭州,滨江区,市场/商务/销售类,大专,"蓝海产业,行业领先者,团队协作好,boss好",8k-15k,15,8,11.5,3-5年
玄武科技,"移动互联网,招聘",客服主管,全职,2017-05-10 08:51:08,上市公司,"['绩效奖金', '年底双薪', '五险一金', '带薪年假']",500-2000人,广州,天河区,运营/编辑/客服,大专,"无轮班,内部客服,团队管理,上市公司",6k-10k,10,6,8.0,3-5年
汇金智融,"移动互联网,电子商务",项目经理,全职,2017-05-10 08:50:51,上市公司,"['年底双薪', '绩效奖金', '带薪年假', '弹性工作']",150-500人,深圳,None,产品/需求/项目类,本科,"上市公司,五险一金,团队建设,发展空间大",10k-18k,18,10,14.0,5-10年
智慧星光,数据服务,舆情分析工程师,全职,2017-05-10 08:50:43,成长型(不需要融资),"['五险一金', '岗位晋升', '带薪年假', '电话交通补贴']",150-500人,北京,海淀区,开发/测试/运维类,本科,"全勤奖,五险一金,带薪年假,交通补贴",5k-8k,8,5,6.5,1-3年
卡拉卡尔,"数据服务,文化娱乐",内容编辑/运营,全职,2017-05-10 08:50:42,成长型(不需要融资),"['技能培训', '节日礼物', '带薪年假', '绩效奖金']",150-500人,成都,高新区,运营/编辑/客服,大专,"五险一金,弹性福利假,季度福利假,年终奖",3k-5k,5,3,4.0,1-3年
财略金融科技,金融,考拉-产品运营,全职,2017-05-10 08:50:38,成长型(A轮),"['股票期权', '专项奖金', '带薪年假', '绩效奖金']",50-150人,广州,海珠区,产品/需求/项目类,本科,"双休,人性化管理,发展空间,股票期权",6k-12k,12,6,9.0,1-3年
物银通,"金融,数据服务",金融产品经理,全职,2017-05-10 08:50:35,成长型(B轮),"['年底双薪', '股票期权', '专项奖金', '绩效奖金']",50-150人,上海,徐汇区,产品/需求/项目类,本科,"氛围好,福利好,扁平化管理",15k-25k,25,15,20.0,3-5年
北京麦田,生活服务,市场运营专员,全职,2017-05-10 08:50:26,成熟型(不需要融资),"['年底双薪', '节日礼物', '技能培训', '年度旅游']",2000人以上,北京,东城区,市场/商务/销售类,大专,季度晋升,5k-8k,8,5,6.5,不限
虎扑体育,"移动互联网,文化娱乐",销售经理,全职,2017-05-10 08:50:07,成熟型(D轮及以上),"['上班看球赛', '运动俱乐部', '大神分享会', '偶像零距离']",150-500人,上海,虹口区,市场/商务/销售类,大专,行业发展空间巨大,10k-20k,20,10,15.0,不限
成都千帆科技,"移动互联网,硬件",C#/.NET 软件开发工程师,全职,2017-05-10 08:49:58,初创型(未融资),[],50-150人,成都,高新区,开发/测试/运维类,大专,"周末双休,社保公积金,不定期旅游",5k-10k,10,5,7.5,应届毕业生
用友,"企业服务,数据服务",商务专员,全职,2017-05-10 08:49:47,上市公司,"['技能培训', '节日礼物', '免费班车', '岗位晋升']",2000人以上,北京,海淀区,市场/商务/销售类,本科,"免费班车,餐补,园林式办公,节日福利",4k-7k,7,4,5.5,1-3年
要出发,"电子商务,生活服务",酒店房间采购/BD/产品拓展,全职,2017-05-10 08:49:41,成熟型(D轮及以上),"['牛人云集', '技能培训', '豪华下午茶', '酒店预订']",500-2000人,重庆,渝北区,市场与销售,大专,五险一金，双休，发展空间，下午茶,3k-5k,5,3,4.0,1-3年
正载信息,"移动互联网,数据服务",Hadoop开发工程师,全职,2017-05-10 08:49:40,初创型(不需要融资),[],15-50人,苏州,工业园区,开发/测试/运维类,大专,"绩效奖金,节假日福利,员工体检",5k-10k,10,5,7.5,1-3年
财略金融科技,金融,IRA-后端开发工程师,全职,2017-05-10 08:50:38,成长型(A轮),"['股票期权', '专项奖金', '带薪年假', '绩效奖金']",50-150人,广州,海珠区,开发/测试/运维类,大专,"双休,人性化管理,团队氛围好,发展空间",10k-18k,18,10,14.0,1-3年
北京麦田,生活服务,销售支持专员,全职,2017-05-10 08:50:25,成熟型(不需要融资),"['年底双薪', '节日礼物', '技能培训', '年度旅游']",2000人以上,北京,朝阳区,市场/商务/销售类,大专,三个月一次晋升,5k-8k,8,5,6.5,不限
虎扑体育,"移动互联网,文化娱乐",汽车运动编辑,全职,2017-05-10 08:50:07,成熟型(D轮及以上),"['上班看球赛', '运动俱乐部', '大神分享会', '偶像零距离']",150-500人,上海,虹口区,运营/编辑/客服,不限,自由的工作环境，广阔的发展空间,5k-10k,10,5,7.5,不限
要出发,"电子商务,生活服务",产品拓展经理,全职,2017-05-10 08:49:41,成熟型(D轮及以上),"['牛人云集', '技能培训', '豪华下午茶', '酒店预订']",500-2000人,重庆,渝北区,市场与销售,大专,五险一金 周末双休 7小时工作制 零食下午茶,3k-6k,6,3,4.5,1-3年
正载信息,"移动互联网,数据服务",数据挖掘工程师,全职,2017-05-10 08:49:38,初创型(不需要融资),[],15-50人,苏州,工业园区,开发/测试/运维类,本科,"绩效奖金,员工体检,节假日福利",8k-15k,15,8,11.5,1-3年
朗云科技,"移动互联网,电子商务",后端开发工程师（python/go/node）,全职,2017-05-10 08:49:37,成长型(不需要融资),"['年底双薪', '绩效奖金', '带薪年假', '交通补助']",50-150人,深圳,南山区,开发/测试/运维类,本科,"双休,年终奖,发展空间,福利健全",12k-20k,20,12,16.0,1-3年
汇金智融,"移动互联网,电子商务",测试工程师,全职,2017-05-10 08:49:36,上市公司,"['年底双薪', '绩效奖金', '带薪年假', '弹性工作']",150-500人,深圳,南山区,开发/测试/运维类,本科,"银行,金融,上市公司,福利好",7k-14k,14,7,10.5,1-3年
红迅软件,企业服务,JAVA系统架构师,全职,2017-05-10 08:49:25,初创型(未融资),"['技能培训', '股票期权', '带薪年假', '绩效奖金']",15-50人,广州,None,开发/测试/运维类,大专,"上升空间好,平台好,自由度高",10k-20k,20,10,15.0,5-10年
e路同心,金融,运维工程师,全职,2017-05-10 08:49:12,成长型(不需要融资),[],50-150人,深圳,南山区,开发/测试/运维类,大专,"薪酬好,福利优,绩效资金,领导好",7k-10k,10,7,8.5,1-3年
华清科技,"移动互联网,企业服务",运维工程师,全职,2017-05-10 08:49:07,初创型(未融资),[],15-50人,北京,None,技术,大专,校园周边 周末双休 弹性工时 地铁周边,6k-8k,8,6,7.0,1-3年
数夫软件,移动互联网,软件开发见习工程师C#,全职,2017-05-10 08:49:04,初创型(未融资),[],150-500人,广州,天河区,开发/测试/运维类,本科,"专业培训,带薪年假",3k-5k,5,3,4.0,不限
北京壹号车安徽分公司,"移动互联网,电子商务",销售经理,全职,2017-05-10 08:48:56,上市公司,"['岗位晋升', '技能培训']",2000人以上,合肥,庐阳区,市场/商务/销售类,大专,"高额绩效,福利好,团队活动,专业培训",7k-10k,10,7,8.5,1-3年
尚客优管理集团,企业服务,市场营销主管/新媒体运营主管,全职,2017-05-10 08:48:38,成熟型(D轮及以上),"['年终奖', '五险一金', '通讯津贴', '交通补助']",500-2000人,青岛,黄岛区,市场/商务/销售类,本科,"五险一金,法定休息,团队年轻",4k-7k,7,4,5.5,不限
汉王精锐,电子商务,淘宝客服,全职,2017-05-10 08:48:34,初创型(不需要融资),"['绩效奖金', '带薪年假', '午餐补助', '通讯津贴']",15-50人,北京,海淀区,运营/编辑/客服,大专,"五险一金,氛围轻松,领导很棒",4k-6k,6,4,5.0,不限
酷骑单车,"移动互联网,生活服务",视觉设计/美工,兼职,2017-05-10 08:48:34,成长型(不需要融资),"['带薪年假', '技能培训', '弹性工作', '年度旅游']",150-500人,合肥,蜀山区,设计类,大专,"五险一金,还有很多,很多,就不列举了",3k-5k,5,3,4.0,不限
要出发,"电子商务,生活服务",BD/产品拓展经理,全职,2017-05-10 08:49:40,成熟型(D轮及以上),"['牛人云集', '技能培训', '豪华下午茶', '酒店预订']",500-2000人,重庆,渝北区,市场与销售,大专,五险一金 弹性工作 周末双休 下午茶零食,3k-6k,6,3,4.5,1-3年
正载信息,"移动互联网,数据服务",项目经理,全职,2017-05-10 08:49:38,初创型(不需要融资),[],15-50人,苏州,工业园区,技术,大专,发展空间大,8k-15k,15,8,11.5,1-3年
朗云科技,"移动互联网,电子商务",急聘PHP高级工程师,全职,2017-05-10 08:49:36,成长型(不需要融资),"['年底双薪', '绩效奖金', '带薪年假', '交通补助']",50-150人,深圳,南山区,开发/测试/运维类,本科,"双休,员工活动,职位晋升,年终奖",15k-30k,30,15,22.5,3-5年
汇金智融,"移动互联网,电子商务",Java工程师,全职,2017-05-10 08:49:36,上市公司,"['年底双薪', '绩效奖金', '带薪年假', '弹性工作']",150-500人,深圳,南山区,开发/测试/运维类,本科,"银行,金融,上市公司,五险一金",8k-16k,16,8,12.0,3-5年
e路同心,金融,UI高级设计师,全职,2017-05-10 08:49:12,成长型(不需要融资),[],50-150人,深圳,南山区,设计类,本科,"薪酬优,年度奖金,完善福利,领导好",12k-16k,16,12,14.0,1-3年
数夫软件,移动互联网,软件开发工程师_C#,全职,2017-05-10 08:49:04,初创型(未融资),[],150-500人,东莞,东莞市市辖区,开发/测试/运维类,本科,"专业培训,带薪年假,法定休假",8k-15k,15,8,11.5,1-3年
北京壹号车安徽分公司,"移动互联网,电子商务",销售经理,全职,2017-05-10 08:48:55,上市公司,"['岗位晋升', '技能培训']",2000人以上,宣城,宣州区,市场/商务/销售类,大专,"高额绩效,福利好,团队活动,专业培训",7k-10k,10,7,8.5,1-3年
尚客优管理集团,企业服务,室内设计,全职,2017-05-10 08:48:38,成熟型(D轮及以上),"['年终奖', '五险一金', '通讯津贴', '交通补助']",500-2000人,青岛,黄岛区,设计类,大专,"五险一金,法定休息,项目奖金",4k-8k,8,4,6.0,不限
汉王精锐,电子商务,人事助理,实习,2017-05-10 08:48:33,初创型(不需要融资),"['绩效奖金', '带薪年假', '午餐补助', '通讯津贴']",15-50人,北京,海淀区,综合职能类,本科,"90后,老板很棒,氛围轻松",2k-3k,3,2,2.5,不限
我厨（上海）科技有限公司,"电子商务,O2O",客服专员,全职,2017-05-10 08:48:30,成长型(B轮),"['节日礼物', '技能培训', '带薪年假', '岗位晋升']",150-500人,上海,浦东新区,运营,大专,生鲜电商 发展空间大,3k-5k,5,3,4.0,不限
鹏元征信有限公司,"金融,数据服务",商务经理,全职,2017-05-10 08:48:24,成长型(不需要融资),"['节日礼物', '绩效奖金', '年度旅游', '岗位晋升']",150-500人,深圳,None,运营,本科,广阔的空间和技术实现平台挑战最有能力的你,6k-8k,8,6,7.0,1-3年
中智仿真,移动互联网,测试主管,全职,2017-05-10 08:48:21,成长型(A轮),"['年底双薪', '岗位晋升', '年度旅游', '管理规范']",150-500人,深圳,福田区,开发/测试/运维类,大专,"发展空间大,资金雄厚,福利好,团队氛围好",6k-11k,11,6,8.5,3-5年
学票,"移动互联网,金融",用户运营,全职,2017-05-10 08:48:20,成长型(不需要融资),"['股票期权', '带薪年假', '绩效奖金', '美女多']",150-500人,深圳,福田区,运营/编辑/客服,大专,朝九晚六 周末双休 年终奖,6k-9k,9,6,7.5,1-3年
巢悦,电子商务,淘宝客服/天猫客服/在线客服,全职,2017-05-10 08:48:20,成长型(不需要融资),"['股票期权', '绩效奖金', '带薪年假', '专项奖金']",50-150人,成都,武侯区,运营/编辑/客服,大专,"过节礼,生日礼,环境优良,晋升机制",3k-5k,5,3,4.0,不限
爱菩新医药科技,"医疗健康,数据服务",西班牙语、英语翻译及销售专员,全职,2017-05-10 08:48:19,初创型(未融资),"['年底双薪', '绩效奖金', '带薪年假', '午餐补助']",15-50人,广州,天河区,市场/商务/销售类,本科,"专利技术多,管理人性化,高成长公司,核心竞争力",6k-8k,8,6,7.0,1-3年
朗云科技,"移动互联网,电子商务",web前端工程师,全职,2017-05-10 08:49:36,成长型(不需要融资),"['年底双薪', '绩效奖金', '带薪年假', '交通补助']",50-150人,深圳,南山区,开发/测试/运维类,本科,"双休,项目前景,团队活动,发展空间",15k-25k,25,15,20.0,3-5年
汇金智融,"移动互联网,电子商务",测试工程师,全职,2017-05-10 08:49:36,上市公司,"['年底双薪', '绩效奖金', '带薪年假', '弹性工作']",150-500人,杭州,滨江区,开发/测试/运维类,本科,"银行,金融,上市公司,股权激励",8k-16k,16,8,12.0,1-3年
e路同心,金融,法务专员,全职,2017-05-10 08:49:12,成长型(不需要融资),[],50-150人,深圳,南山区,金融类,本科,"绩效奖金,带薪年假,午餐补助,五险一金",5k-6k,6,5,5.5,不限
数夫软件,移动互联网,JAVA架构师,全职,2017-05-10 08:49:04,初创型(未融资),[],150-500人,广州,天河区,开发/测试/运维类,本科,"五险一金,双休,弹性工作制,发展空间大",20k-40k,40,20,30.0,5-10年
北京壹号车安徽分公司,"移动互联网,电子商务",销售经理,全职,2017-05-10 08:48:53,上市公司,"['岗位晋升', '技能培训']",2000人以上,铜陵,狮子山区,市场/商务/销售类,大专,"高额绩效,福利好,团队活动,专业培训",7k-10k,10,7,8.5,1-3年
尚客优管理集团,企业服务,策划主管,全职,2017-05-10 08:48:38,成熟型(D轮及以上),"['年终奖', '五险一金', '通讯津贴', '交通补助']",500-2000人,青岛,黄岛区,市场/商务/销售类,大专,"五险一金,法定休息,团队年轻",5k-9k,9,5,7.0,不限
汉王精锐,电子商务,电商运营助理,全职,2017-05-10 08:48:30,初创型(不需要融资),"['绩效奖金', '带薪年假', '午餐补助', '通讯津贴']",15-50人,北京,海淀区,运营/编辑/客服,本科,"五险一金,大神领导",4k-6k,6,4,5.0,1-3年
我厨（上海）科技有限公司,"电子商务,O2O",运营专员,全职,2017-05-10 08:48:28,成长型(B轮),"['节日礼物', '技能培训', '带薪年假', '岗位晋升']",150-500人,上海,青浦区,运营/编辑/客服,本科,"个人成长,扁平化管理",4k-8k,8,4,6.0,1-3年
鹏元征信有限公司,"金融,数据服务",高级商务经理,全职,2017-05-10 08:48:24,成长型(不需要融资),"['节日礼物', '绩效奖金', '年度旅游', '岗位晋升']",150-500人,深圳,None,市场与销售,本科,平台好，产品优，有施展空间，锻炼大,12k-20k,20,12,16.0,3-5年
中智仿真,移动互联网,技术支持工程师,全职,2017-05-10 08:48:20,成长型(A轮),"['年底双薪', '岗位晋升', '年度旅游', '管理规范']",150-500人,深圳,福田区,运营/编辑/客服,大专,"发展平面大,资金雄厚,团队氛围好,福利好",6k-8k,8,6,7.0,1-3年
学票,"移动互联网,金融",市场经理,全职,2017-05-10 08:48:20,成长型(不需要融资),"['股票期权', '带薪年假', '绩效奖金', '美女多']",150-500人,深圳,福田区,市场/商务/销售类,本科,朝九晚六 周末双休 年终奖,9k-12k,12,9,10.5,1-3年
爱菩新医药科技,"医疗健康,数据服务",产品经理,全职,2017-05-10 08:48:19,初创型(未融资),"['年底双薪', '绩效奖金', '带薪年假', '午餐补助']",15-50人,广州,天河区,产品/需求/项目类,大专,"专利技术多,高成长公司,核心竞争力,人性化管理",10k-20k,20,10,15.0,1-3年
怡和科技,"移动互联网,数据服务",前端工程师,全职,2017-05-10 08:48:18,初创型(天使轮),"['节日礼物', '技能培训', '绩效奖金', '年度旅游']",150-500人,北京,海淀区,开发/测试/运维类,本科,"五险一金,节日福利,绩效奖金,弹性工作",10k-15k,15,10,12.5,5-10年
新的美地,"电子商务,移动互联网",后端开发工程师（Python方向）,全职,2017-05-10 08:47:56,成长型(不需要融资),[],150-500人,广州,海珠区,开发/测试/运维类,本科,"五险一金,双休",15k-25k,25,15,20.0,3-5年
LinkFun Game,游戏,制作人（轻度游戏方向）,全职,2017-05-10 08:47:55,初创型(天使轮),"['绩效奖金', '年终分红', '年底双薪', '带薪年假']",15-50人,成都,高新区,产品/需求/项目类,本科,"苹果推荐,自有渠道,产品不拘泥,公司资金雄",10k-12k,12,10,11.0,1-3年
e路同心,金融,Java工程师,全职,2017-05-10 08:49:12,成长型(不需要融资),[],50-150人,深圳,南山区,开发/测试/运维类,本科,"绩效奖金,带薪年假,午餐补助,国资背景",12k-24k,24,12,18.0,3-5年
数夫软件,移动互联网,Android开发,全职,2017-05-10 08:49:04,初创型(未融资),[],150-500人,广州,天河区,开发/测试/运维类,本科,"五险一金,双休,弹性工作制,即将上市",8k-16k,16,8,12.0,3-5年
北京壹号车安徽分公司,"移动互联网,电子商务",销售经理,全职,2017-05-10 08:48:52,上市公司,"['岗位晋升', '技能培训']",2000人以上,芜湖,南陵县,市场/商务/销售类,大专,"高薪绩效,福利好,团队培训,专业培训",7k-10k,10,7,8.5,1-3年
汇金智融,"移动互联网,电子商务",AS400开发工程师,全职,2017-05-10 08:48:41,上市公司,"['年底双薪', '绩效奖金', '带薪年假', '弹性工作']",150-500人,深圳,None,开发/测试/运维类,大专,"上市公司,五险一金,发展空间大,扁平管理",7k-14k,14,7,10.5,1-3年
我厨（上海）科技有限公司,"电子商务,O2O",摄影师,全职,2017-05-10 08:48:27,成长型(B轮),"['节日礼物', '技能培训', '带薪年假', '岗位晋升']",150-500人,上海,浦东新区,市场/商务/销售类,本科,"扁平化管理,团队氛围好,个人成长",8k-10k,10,8,9.0,1-3年
鹏元征信有限公司,"金融,数据服务",web前端开发工程师,全职,2017-05-10 08:48:22,成长型(不需要融资),"['节日礼物', '绩效奖金', '年度旅游', '岗位晋升']",150-500人,深圳,福田区,技术,本科,良好的晋升空间，丰厚的待遇回报。,18k-25k,25,18,21.5,3-5年
学票,"移动互联网,金融",文案策划,全职,2017-05-10 08:48:20,成长型(不需要融资),"['股票期权', '带薪年假', '绩效奖金', '美女多']",150-500人,深圳,福田区,市场/商务/销售类,大专,"周末双休,带薪年假,员工旅游,年终奖金",6k-10k,10,6,8.0,1-3年
爱菩新医药科技,"医疗健康,数据服务",GO语言开发,全职,2017-05-10 08:48:19,初创型(未融资),"['年底双薪', '绩效奖金', '带薪年假', '午餐补助']",15-50人,广州,天河区,开发/测试/运维类,大专,"专利技术多,高成长公司,核心竞争力,管理人性化",8k-12k,12,8,10.0,1-3年
中智仿真,移动互联网,游戏策划,全职,2017-05-10 08:48:19,成长型(A轮),"['年底双薪', '岗位晋升', '年度旅游', '管理规范']",150-500人,深圳,福田区,产品,本科,晋升空间大 团队氛围好 周末双休 提供食宿,8k-15k,15,8,11.5,1-3年
怡和科技,"移动互联网,数据服务",产品专员,实习,2017-05-10 08:48:18,初创型(天使轮),"['节日礼物', '技能培训', '绩效奖金', '年度旅游']",150-500人,北京,海淀区,产品/需求/项目类,本科,"一对一指导,节日福利,弹性工作,温馨氛围",3k-4k,4,3,3.5,不限
新的美地,"电子商务,移动互联网",测试工程师,全职,2017-05-10 08:47:56,成长型(不需要融资),[],150-500人,广州,海珠区,开发/测试/运维类,本科,"五险一金,双休",8k-15k,15,8,11.5,1-3年
LinkFun Game,游戏,原画设计师,全职,2017-05-10 08:47:54,初创型(天使轮),"['绩效奖金', '年终分红', '年底双薪', '带薪年假']",15-50人,成都,高新区,设计类,本科,"UI设计,UE设计,益智游戏,任人唯贤",6k-8k,8,6,7.0,1-3年
爱维宝贝,"移动互联网,教育",运营主管,全职,2017-05-10 08:47:47,初创型(未融资),"['年底双薪', '节日礼物', '股票期权', '带薪年假']",50-150人,济南,高新区,运营/编辑/客服,本科,五险一金,10k-12k,12,10,11.0,3-5年
易骋云,"移动互联网,数据服务",总经理助理,全职,2017-05-10 08:47:42,成长型(不需要融资),"['五险一金', '双休', '法定假日', '好领导']",150-500人,杭州,江干区,综合职能类,本科,"平台大,领导好",6k-10k,10,6,8.0,1-3年
优米数据,数据服务,销售经理,全职,2017-05-10 08:47:37,初创型(不需要融资),[],少于15人,西安,None,市场/商务/销售类,大专,"发展空间大,绩效奖金",5k-10k,10,5,7.5,3-5年
汇金智融,"移动互联网,电子商务",软件测试工程师,全职,2017-05-10 08:48:36,上市公司,"['年底双薪', '绩效奖金', '带薪年假', '弹性工作']",150-500人,深圳,None,开发/测试/运维类,本科,上市公司 五险一金 偏平管理 发展空间大,7k-14k,14,7,10.5,1-3年
我厨（上海）科技有限公司,"电子商务,O2O",市场总监,全职,2017-05-10 08:48:24,成长型(B轮),"['节日礼物', '技能培训', '带薪年假', '岗位晋升']",150-500人,上海,浦东新区,市场/商务/销售类,本科,"团队稳定,氛围好",20k-30k,30,20,25.0,5-10年
鹏元征信有限公司,"金融,数据服务",高级桌面支持工程师,全职,2017-05-10 08:48:21,成长型(不需要融资),"['节日礼物', '绩效奖金', '年度旅游', '岗位晋升']",150-500人,深圳,福田区,开发/测试/运维类,本科,高级桌面,10k-15k,15,10,12.5,3-5年
学票,"移动互联网,金融",风控专员/催收专员,全职,2017-05-10 08:48:20,成长型(不需要融资),"['股票期权', '带薪年假', '绩效奖金', '美女多']",150-500人,深圳,福田区,金融类,大专,"周末双休,带薪年假,员工旅游,年终奖金",5k-8k,8,5,6.5,1-3年
爱菩新医药科技,"医疗健康,数据服务",GO语言开发,全职,2017-05-10 08:48:19,初创型(未融资),"['年底双薪', '绩效奖金', '带薪年假', '午餐补助']",15-50人,广州,天河区,开发/测试/运维类,大专,"专利技术多,高成长公司,核心竞争力,管理人性化",13k-20k,20,13,16.5,1-3年
中智仿真,移动互联网,销售经理,全职,2017-05-10 08:48:18,成长型(A轮),"['年底双薪', '岗位晋升', '年度旅游', '管理规范']",150-500人,深圳,福田区,市场/商务/销售类,本科,"行业前景好,发展空间大,资金雄厚,福利好",6k-10k,10,6,8.0,1-3年
怡和科技,"移动互联网,数据服务",Java研发工程师,全职,2017-05-10 08:48:18,初创型(天使轮),"['节日礼物', '技能培训', '绩效奖金', '年度旅游']",150-500人,北京,海淀区,开发/测试/运维类,本科,"云计算,绩效奖金,节日福利,温馨氛围",8k-15k,15,8,11.5,3-5年
新的美地,"电子商务,移动互联网",内容运营专员,全职,2017-05-10 08:47:56,成长型(不需要融资),[],150-500人,广州,海珠区,运营/编辑/客服,大专,"五险一金,双休",4k-8k,8,4,6.0,1-3年
LinkFun Game,游戏,C++,全职,2017-05-10 08:47:53,初创型(天使轮),"['绩效奖金', '年终分红', '年底双薪', '带薪年假']",15-50人,成都,高新区,产品/需求/项目类,本科,"项目经理,百万级用户",8k-10k,10,8,9.0,1-3年
爱维宝贝,"移动互联网,教育",产品经理,全职,2017-05-10 08:47:45,初创型(未融资),"['年底双薪', '节日礼物', '股票期权', '带薪年假']",50-150人,济南,高新区,产品/需求/项目类,本科,"五险一金,周末双休,绩效奖金,发展空间",7k-10k,10,7,8.5,3-5年
易骋云,"移动互联网,数据服务",市场总监,全职,2017-05-10 08:47:40,成长型(不需要融资),"['五险一金', '双休', '法定假日', '好领导']",150-500人,杭州,江干区,市场/商务/销售类,本科,"平台大,前景好",40k-70k,70,40,55.0,1-3年
传化物流集团,"移动互联网,金融",教研专家,全职,2017-05-10 08:47:35,上市公司,"['行业爆炸', '扁平管理', '“家”文化', '牛人团队']",2000人以上,杭州,None,综合职能类,大专,上市公司500强、地铁口、待遇好,10k-20k,20,10,15.0,3-5年
启萌教育,"移动互联网,教育",商务拓展BD,全职,2017-05-10 08:47:15,成长型(A轮),"['绩效奖金', '弹性工作', '岗位晋升', '股票期权']",50-150人,北京,朝阳区,市场/商务/销售类,本科,上升空间大,8k-15k,15,8,11.5,1-3年
图讯科技,企业服务,系统集成运维工程师,全职,2017-05-10 08:46:59,初创型(未融资),"['技能培训', '节日礼物', '年底双薪', '股票期权']",150-500人,杭州,None,开发/测试/运维类,不限,"五险一金,补充保险,期权激励,员工旅游",5k-6k,6,5,5.5,1-3年
CIG,广告营销,大数据开发高级工程师,全职,2017-05-10 08:46:53,上市公司,"['年终分红', '绩效奖金', '五险一金', '交通补助']",500-2000人,北京,海淀区,开发/测试/运维类,本科,学习和创新型团队，氛围好,18k-36k,36,18,27.0,3-5年
汇金智融,"移动互联网,电子商务",JAVA开发工程师,全职,2017-05-10 08:48:28,上市公司,"['年底双薪', '绩效奖金', '带薪年假', '弹性工作']",150-500人,杭州,None,开发/测试/运维类,本科,"上市公司,五险一金,发展空间大,年终奖金",7k-13k,13,7,10.0,3-5年
怡和科技,"移动互联网,数据服务",业务顾问（资深解决方案）,全职,2017-05-10 08:48:18,初创型(天使轮),"['节日礼物', '技能培训', '绩效奖金', '年度旅游']",150-500人,北京,海淀区,产品/需求/项目类,本科,"发展空间大,氛围好,行业知名",18k-28k,28,18,23.0,5-10年
新的美地,"电子商务,移动互联网",内容运营经理,全职,2017-05-10 08:47:56,成长型(不需要融资),[],150-500人,广州,海珠区,运营/编辑/客服,本科,"五险一金,双休",5k-10k,10,5,7.5,3-5年
爱维宝贝,"移动互联网,教育",渠道运营,全职,2017-05-10 08:47:44,初创型(未融资),"['年底双薪', '节日礼物', '股票期权', '带薪年假']",50-150人,济南,高新区,运营/编辑/客服,本科,"五险一金,周末双休,绩效奖金,发展空间",6k-9k,9,6,7.5,3-5年
易骋云,"移动互联网,数据服务",C++,全职,2017-05-10 08:47:38,成长型(不需要融资),"['五险一金', '双休', '法定假日', '好领导']",150-500人,杭州,江干区,开发/测试/运维类,本科,"大平台,好领导,好前景,好环境",15k-25k,25,15,20.0,3-5年
启萌教育,"移动互联网,教育",插画师（儿童）,全职,2017-05-10 08:47:15,成长型(A轮),"['绩效奖金', '弹性工作', '岗位晋升', '股票期权']",50-150人,北京,朝阳区,设计类,本科,上升空间大,4k-8k,8,4,6.0,不限
CIG,广告营销,高级JAVA开发工程师,全职,2017-05-10 08:46:53,上市公司,"['年终分红', '绩效奖金', '五险一金', '交通补助']",500-2000人,北京,海淀区,开发/测试/运维类,本科,上市公司，学习和创新型团队,15k-30k,30,15,22.5,3-5年
斯凯,"移动互联网,游戏",测试工程师,全职,2017-05-10 08:46:47,上市公司,"['年终分红', '绩效奖金', '股票期权', '五险一金']",500-2000人,杭州,西湖区,开发/测试/运维类,大专,"五险一金,福利齐全,补充医保险",6k-10k,10,6,8.0,1-3年
新东方教育科技集团,"移动互联网 ,文化娱乐",一对一教师,兼职,2017-05-10 08:46:41,上市公司,"['技能培训', '节日礼物', '带薪年假', '绩效奖金']",2000人以上,济南,None,其他,本科,工资稳定，福利好,3K-5K,5,3,4.0,不限
光汇石油,其他,APP推广专员,全职,2017-05-10 08:46:33,上市公司,"['股票期权', '带薪年假', '五险一金', '午餐补助']",500-2000人,深圳,福田区,市场/商务/销售类,本科,"上市公司,周末双休,五险一金,年底双薪",6k-10k,10,6,8.0,1-3年
星火钱包,"移动互联网,金融",投资经理(股权投资方向),全职,2017-05-10 08:46:28,成长型(A轮),"['股票期权', '全年14薪+', '年涨薪10%', '六险一金']",50-150人,长沙,岳麓区,金融类,本科,"晋升快,发展空间大,福利好,领导好",4k-8k,8,4,6.0,1-3年
亿阳信通,"移动互联网,数据服务",产品经理助理,全职,2017-05-10 08:46:21,上市公司,"['技能培训', '节日礼物', '专项奖金', '带薪年假']",2000人以上,北京,海淀区,产品/需求/项目类,本科,上市公司，七险一金，广阔平台，发展前景好,8k-12k,12,8,10.0,3-5年
浙江卓有,"移动互联网,硬件",前端开发工程师,全职,2017-05-10 08:46:13,成长型(不需要融资),"['绩效奖金', '节日礼物', '五险一金', '岗位晋升']",50-150人,杭州,江干区,开发/测试/运维类,大专,"五险一金节,晋升空间大,节日福利,活动多",10k-15k,15,10,12.5,1-3年
海谱科技,"移动互联网,O2O",CTO/技术总监,全职,2017-05-10 08:46:05,初创型(不需要融资),"['技能培训', '节日礼物', '股票期权', '绩效奖金']",15-50人,成都,武侯区,开发/测试/运维类,大专,"五险一金,周末双休,超多福利",20k-40k,40,20,30.0,5-10年
健悦科技,移动互联网,前端设计开发,实习,2017-05-10 08:46:04,初创型(未融资),[],少于15人,南京,None,开发/测试/运维类,本科,"创造,创新,发展空间大,弹性工作",1k-2k,2,1,1.5,不限
怡和科技,"移动互联网,数据服务",技术运营实习生,实习,2017-05-10 08:48:17,初创型(天使轮),"['节日礼物', '技能培训', '绩效奖金', '年度旅游']",150-500人,北京,海淀区,开发/测试/运维类,本科,"员工福利,温馨氛围,企业前景好,导师指导",2k-4k,4,2,3.0,不限
爱维宝贝,"移动互联网,教育",高级JAVA开发工程师（偏架构）,全职,2017-05-10 08:47:43,初创型(未融资),"['年底双薪', '节日礼物', '股票期权', '带薪年假']",50-150人,济南,高新区,开发/测试/运维类,本科,"五险一金,周末双休,发展空间,绩效奖金",10k-13k,13,10,11.5,5-10年
易骋云,"移动互联网,数据服务",大客户经理,全职,2017-05-10 08:47:35,成长型(不需要融资),"['五险一金', '双休', '法定假日', '好领导']",150-500人,杭州,江干区,市场/商务/销售类,大专,"高底薪,年薪30万,平台大,好领导",15k-30k,30,15,22.5,1-3年
启萌教育,"移动互联网,教育",销售主管（教育行业）,全职,2017-05-10 08:47:15,成长型(A轮),"['绩效奖金', '弹性工作', '岗位晋升', '股票期权']",50-150人,北京,朝阳区,市场/商务/销售类,大专,发展机会大,6k-8k,8,6,7.0,1-3年
CIG,广告营销,数据挖掘Leader（高级工程师）,全职,2017-05-10 08:46:53,上市公司,"['年终分红', '绩效奖金', '五险一金', '交通补助']",500-2000人,北京,海淀区,开发/测试/运维类,本科,学习和创新型团队,20k-40k,40,20,30.0,3-5年
斯凯,"移动互联网,游戏",IT技术支持,实习,2017-05-10 08:46:44,上市公司,"['年终分红', '绩效奖金', '股票期权', '五险一金']",500-2000人,杭州,西湖区,开发/测试/运维类,大专,气氛佳,2k-4k,4,2,3.0,不限
光汇石油,其他,系统架构师,全职,2017-05-10 08:46:33,上市公司,"['股票期权', '带薪年假', '五险一金', '午餐补助']",500-2000人,深圳,福田区,开发/测试/运维类,本科,"福利好,高端写字楼",25k-50k,50,25,37.5,5-10年
星火钱包,"移动互联网,金融",投资经理（债权投资方向）,全职,2017-05-10 08:46:28,成长型(A轮),"['股票期权', '全年14薪+', '年涨薪10%', '六险一金']",50-150人,长沙,岳麓区,金融类,本科,"晋升快,发展空间大,福利好,领导好",4k-8k,8,4,6.0,1-3年
亿阳信通,"移动互联网,数据服务",通信协议开发,全职,2017-05-10 08:46:21,上市公司,"['技能培训', '节日礼物', '专项奖金', '带薪年假']",2000人以上,北京,海淀区,技术,本科,上市公司，七险一金，发展稳健，平台优秀,20k-30k,30,20,25.0,3-5年
浙江卓有,"移动互联网,硬件",java开发工程师,全职,2017-05-10 08:46:13,成长型(不需要融资),"['绩效奖金', '节日礼物', '五险一金', '岗位晋升']",50-150人,杭州,江干区,开发/测试/运维类,大专,"五险一金,发展空间大,节日福利,绩效奖金",10k-15k,15,10,12.5,1-3年
海谱科技,"移动互联网,O2O",内容运营,全职,2017-05-10 08:46:05,初创型(不需要融资),"['技能培训', '节日礼物', '股票期权', '绩效奖金']",15-50人,成都,武侯区,运营/编辑/客服,大专,"氛围好,空间足,成长快",4k-8k,8,4,6.0,1-3年
e城e家,"移动互联网,O2O",线上运营,全职,2017-05-10 08:45:57,成熟型(不需要融资),"['年底双薪', '绩效奖金', '带薪年假', '午餐补助']",2000人以上,宁波,鄞州区,市场/商务/销售类,本科,"薪酬可观,五险一金,老板大气,公司实力强",4k-7k,7,4,5.5,不限
深圳市金洋电子股份有限公司,其他,产品工程师,全职,2017-05-10 08:45:57,成熟型(不需要融资),[],500-2000人,深圳,None,产品/需求/项目类,大专,"年终奖,有薪假,包吃包住,五险一金",6k-8k,8,6,7.0,1-3年
千橙乐驾,"移动互联网,O2O",文案策划专员,全职,2017-05-10 08:45:39,初创型(天使轮),"['专项奖金', '绩效奖金', '岗位晋升', '年度旅游']",15-50人,广州,None,运营/编辑/客服,大专,文案策划,4k-6k,6,4,5.0,1-3年
弘历软件,金融,软件实施顾问 绩效奖金 住宿 月坛公司,全职,2017-05-10 08:45:36,成熟型(不需要融资),"['专项奖金', '绩效奖金', '年终分红', '带薪年假']",500-2000人,北京,西城区,运营/编辑/客服,大专,"带薪培训,员工关系好,稳定发展,能力提升",3k-6k,6,3,4.5,不限
启萌教育,"移动互联网,教育",销售经理（教育行业）,全职,2017-05-10 08:47:15,成长型(A轮),"['绩效奖金', '弹性工作', '岗位晋升', '股票期权']",50-150人,北京,朝阳区,市场/商务/销售类,本科,氛围好,10k-20k,20,10,15.0,3-5年
CIG,广告营销,资深数据挖掘经理,全职,2017-05-10 08:46:53,上市公司,"['年终分红', '绩效奖金', '五险一金', '交通补助']",500-2000人,北京,海淀区,开发/测试/运维类,本科,最具目标感和活力的团队；纽交所上市企业,30k-50k,50,30,40.0,5-10年
斯凯,"移动互联网,游戏",平台测试（实习）,实习,2017-05-10 08:46:43,上市公司,"['年终分红', '绩效奖金', '股票期权', '五险一金']",500-2000人,杭州,None,技术,本科,上市企业 有转正机会,2k-3k,3,2,2.5,不限
光汇石油,其他,策划主管,全职,2017-05-10 08:46:33,上市公司,"['股票期权', '带薪年假', '五险一金', '午餐补助']",500-2000人,深圳,福田区,市场/商务/销售类,本科,"待遇好,上市公司,包吃,双休",8k-15k,15,8,11.5,3-5年
星火钱包,"移动互联网,金融",数据分析岗（行业数据、平台数据方向）,全职,2017-05-10 08:46:28,成长型(A轮),"['股票期权', '全年14薪+', '年涨薪10%', '六险一金']",50-150人,长沙,岳麓区,开发/测试/运维类,本科,"晋升快,发展空间大,福利好,领导好",3k-6k,6,3,4.5,不限
亿阳信通,"移动互联网,数据服务",工程实施,全职,2017-05-10 08:46:21,上市公司,"['技能培训', '节日礼物', '专项奖金', '带薪年假']",2000人以上,北京,海淀区,技术,本科,上市公司，发展稳健，七险一金，福利完善,6k-12k,12,6,9.0,1-3年
浙江卓有,"移动互联网,硬件",测试工程师,全职,2017-05-10 08:46:13,成长型(不需要融资),"['绩效奖金', '节日礼物', '五险一金', '岗位晋升']",50-150人,杭州,江干区,开发/测试/运维类,大专,"五险一金,晋升空间大,节日福利,活动多",10k-15k,15,10,12.5,1-3年
海谱科技,"移动互联网,O2O",活动运营,全职,2017-05-10 08:46:05,初创型(不需要融资),"['技能培训', '节日礼物', '股票期权', '绩效奖金']",15-50人,成都,武侯区,运营/编辑/客服,大专,"氛围好,空间足,成长快",4k-8k,8,4,6.0,1-3年
e城e家,"移动互联网,O2O",市场专员,全职,2017-05-10 08:45:54,成熟型(不需要融资),"['年底双薪', '绩效奖金', '带薪年假', '午餐补助']",2000人以上,宁波,鄞州区,市场/商务/销售类,本科,"五险一金,公司实力强,老板人好,积极向上",3k-6k,6,3,4.5,不限
弘历软件,金融,月坛公司 财务实习生,全职,2017-05-10 08:45:34,成熟型(不需要融资),"['专项奖金', '绩效奖金', '年终分红', '带薪年假']",500-2000人,北京,西城区,综合职能类,本科,"提供住宿,带薪培训,老人传帮带,晋升发展",3k-5k,5,3,4.0,应届毕业生
智芯,其他,内容运营/策划,全职,2017-05-10 08:45:34,成长型(A轮),"['股票期权', '绩效奖金', '岗位晋升', '扁平管理']",50-150人,深圳,宝安区,运营/编辑/客服,本科,"发挥空间大,办公环境好",7k-10k,10,7,8.5,1-3年
云脉三六五,移动互联网,网站开发高级工程师,全职,2017-05-10 08:45:20,初创型(天使轮),"['节日礼物', '带薪年假', '岗位晋升', '扁平管理']",15-50人,天津,河东区,开发/测试/运维类,本科,"福利好,待遇佳,有发展",6k-8k,8,6,7.0,1-3年
用友政务,数据服务,大客户经理,全职,2017-05-10 08:45:19,上市公司,"['五险一金', '年终奖', '补充医疗保险', '商业保险']",500-2000人,北京,海淀区,市场/商务/销售类,本科,"五险一金,绩效奖金,免费班车,员工旅游",8k-10k,10,8,9.0,1-3年
天房科技,"企业服务,信息安全",运营推广专员/在线客服（互联网行业—用户运营方向）,全职,2017-05-10 08:45:15,上市公司,"['年底双薪', '管理规范', '定期体检', '五险一金']",150-500人,天津,南开区,运营/编辑/客服,本科,"年休假,五险一金,国企",3k-4k,4,3,3.5,1-3年
谷川联行,电子商务,行政管理（IT方向）行政IT,全职,2017-05-10 08:45:13,成长型(不需要融资),"['年底双薪', '技能培训', '带薪年假', '绩效奖金']",50-150人,天津,None,综合职能类,大专,"行政,IT,管理,综合素质",4k-6k,6,4,5.0,不限
CIG,广告营销,大数据架构师,全职,2017-05-10 08:46:53,上市公司,"['年终分红', '绩效奖金', '五险一金', '交通补助']",500-2000人,北京,海淀区,技术,本科,学习和创新型团队,20k-40k,40,20,30.0,5-10年
斯凯,"移动互联网,游戏",Android,实习,2017-05-10 08:46:42,上市公司,"['年终分红', '绩效奖金', '股票期权', '五险一金']",500-2000人,杭州,西湖区,技术,本科,上市企业 有转正机会,2k-4k,4,2,3.0,不限
光汇石油,其他,SEO主管,全职,2017-05-10 08:46:33,上市公司,"['股票期权', '带薪年假', '五险一金', '午餐补助']",500-2000人,深圳,福田区,市场/商务/销售类,大专,"待遇好,上市公司,包吃,周末双休",8k-16k,16,8,12.0,5-10年
星火钱包,"移动互联网,金融",风险分析岗（行业政策方向）,全职,2017-05-10 08:46:28,成长型(A轮),"['股票期权', '全年14薪+', '年涨薪10%', '六险一金']",50-150人,长沙,岳麓区,金融类,本科,"晋升快,发展空间大,福利好,领导好",3k-6k,6,3,4.5,1-3年
亿阳信通,"移动互联网,数据服务",java开发,全职,2017-05-10 08:46:21,上市公司,"['技能培训', '节日礼物', '专项奖金', '带薪年假']",2000人以上,北京,海淀区,开发/测试/运维类,本科,上市公司，七险一金，福利待遇好,10k-20k,20,10,15.0,3-5年
海谱科技,"移动互联网,O2O",测试工程师,全职,2017-05-10 08:46:05,初创型(不需要融资),"['技能培训', '节日礼物', '股票期权', '绩效奖金']",15-50人,成都,武侯区,开发/测试/运维类,大专,"超多福利,五险一金,周末双休,年底三薪",6k-9k,9,6,7.5,1-3年
e城e家,"移动互联网,O2O",渠道BD,全职,2017-05-10 08:45:52,成熟型(不需要融资),"['年底双薪', '绩效奖金', '带薪年假', '午餐补助']",2000人以上,宁波,鄞州区,市场/商务/销售类,本科,"五险一金,公司实力强,老板人好,积极向上",4k-7k,7,4,5.5,不限
智芯,其他,海外商务经理,全职,2017-05-10 08:45:34,成长型(A轮),"['股票期权', '绩效奖金', '岗位晋升', '扁平管理']",50-150人,深圳,宝安区,市场/商务/销售类,本科,"五险,绩效奖金,高额提成,弹性工作",7k-12k,12,7,9.5,1-3年
弘历软件,金融,月坛公司 人力资源专员,全职,2017-05-10 08:45:33,成熟型(不需要融资),"['专项奖金', '绩效奖金', '年终分红', '带薪年假']",500-2000人,北京,西城区,综合职能类,本科,"带薪培训,提供住宿,传帮带,晋升发展",3k-6k,6,3,4.5,应届毕业生
云脉三六五,移动互联网,PHP高级研发工程师,全职,2017-05-10 08:45:20,初创型(天使轮),"['节日礼物', '带薪年假', '岗位晋升', '扁平管理']",15-50人,天津,河东区,技术,本科,双休、五险一金、福利待遇优厚,7k-12k,12,7,9.5,3-5年
用友政务,数据服务,总裁行政秘书,全职,2017-05-10 08:45:19,上市公司,"['五险一金', '年终奖', '补充医疗保险', '商业保险']",500-2000人,北京,海淀区,综合职能类,本科,"五险一金,免费班车,餐补,定期体检",6k-9k,9,6,7.5,1-3年
天房科技,"企业服务,信息安全",高级研发经理/开发技术负责人（Java方向）,全职,2017-05-10 08:45:15,上市公司,"['年底双薪', '管理规范', '定期体检', '五险一金']",150-500人,天津,南开区,技术,本科,"国企,新三板上市,自有健身房,员工餐厅",12k-20k,20,12,16.0,5-10年
还呗-智能信贷领先者,"移动互联网,金融",数据科学家/工程师,全职,2017-05-10 08:45:12,成长型(不需要融资),"['股票期权', '通讯津贴', '交通补助', '午餐补助']",50-150人,上海,浦东新区,开发/测试/运维类,本科,"移动金融,未来金矿,精英团队,助力成长",15k-30k,30,15,22.5,1-3年
广州宸瑞,移动互联网,产品经理,全职,2017-05-10 08:45:09,初创型(天使轮),[],50-150人,广州,海珠区,产品/需求/项目类,本科,"周末双休,五险一金,年底双薪,话补餐补",9k-16k,16,9,12.5,1-3年
中体彩科技发展有限公司,"移动互联网,电子商务",品牌主管,全职,2017-05-10 08:45:08,成长型(不需要融资),"['五险一金', '通讯津贴', '带薪年假', '免费班车']",150-500人,北京,朝阳区,市场/商务/销售类,本科,弹性工作 补充保险 活动丰富 地铁附近,8k-12k,12,8,10.0,3-5年
CIG,广告营销,资深数据仓库架构师（数据仓库组Leader）,全职,2017-05-10 08:46:53,上市公司,"['年终分红', '绩效奖金', '五险一金', '交通补助']",500-2000人,北京,海淀区,开发/测试/运维类,本科,机具行业竞争力的待遇 纽交所上市企业,20k-40k,40,20,30.0,5-10年
智芯,其他,嵌入式（单片机）应用工程师,全职,2017-05-10 08:45:34,成长型(A轮),"['股票期权', '绩效奖金', '岗位晋升', '扁平管理']",50-150人,深圳,宝安区,开发/测试/运维类,大专,"全勤奖,五险,年终奖,补贴福利",8k-12k,12,8,10.0,1-3年
弘历软件,金融,月坛公司 销售顾问,全职,2017-05-10 08:45:31,成熟型(不需要融资),"['专项奖金', '绩效奖金', '年终分红', '带薪年假']",500-2000人,北京,西城区,市场/商务/销售类,大专,"带薪培训,提供住宿,传帮带,晋升发展",4k-8k,8,4,6.0,不限
用友政务,数据服务,销管助理,全职,2017-05-10 08:45:19,上市公司,"['五险一金', '年终奖', '补充医疗保险', '商业保险']",500-2000人,北京,海淀区,综合职能类,本科,"住宿补贴,餐补,交通补贴",2k-4k,4,2,3.0,不限
云脉三六五,移动互联网,前端高级研发工程师,全职,2017-05-10 08:45:19,初创型(天使轮),"['节日礼物', '带薪年假', '岗位晋升', '扁平管理']",15-50人,天津,河东区,开发/测试/运维类,大专,"有妹子,发展空间大,有小弟",8k-12k,12,8,10.0,3-5年
天房科技,"企业服务,信息安全",PHP开发工程师/PHP程序,全职,2017-05-10 08:45:15,上市公司,"['年底双薪', '管理规范', '定期体检', '五险一金']",150-500人,天津,南开区,技术,本科,国企，五险一金，双休,8k-15k,15,8,11.5,3-5年
还呗-智能信贷领先者,"移动互联网,金融",信息安全主管,全职,2017-05-10 08:45:12,成长型(不需要融资),"['股票期权', '通讯津贴', '交通补助', '午餐补助']",50-150人,上海,浦东新区,技术,本科,移动金融，未来金矿；精英团队，助力成长！,20k-30k,30,20,25.0,5-10年
广州宸瑞,移动互联网,c#程序员/Windows,全职,2017-05-10 08:45:09,初创型(天使轮),[],50-150人,广州,海珠区,开发/测试/运维类,本科,"周末双休,五险一金,话补餐补,年底双薪",8k-15k,15,8,11.5,1-3年
中体彩科技发展有限公司,"移动互联网,电子商务",高级测试工程师,全职,2017-05-10 08:45:08,成长型(不需要融资),"['五险一金', '通讯津贴', '带薪年假', '免费班车']",150-500人,北京,朝阳区,开发/测试/运维类,本科,弹性工作 补充保险 活动丰富 地铁附近,15k-25k,25,15,20.0,5-10年
诺奚信息技术有限公司,"金融,数据服务",总助,全职,2017-05-10 08:45:00,成长型(A轮),"['午餐补助', '交通补助', '专项奖金', '五险一金']",50-150人,杭州,江干区,综合职能类,本科,"平台大,资源广,领导好",6k-10k,10,6,8.0,1-3年
俊芮网络,"移动互联网,金融",期货分析师,全职,2017-05-10 08:44:49,初创型(不需要融资),[],15-50人,上海,浦东新区,金融类,本科,"节日福利,定期体检,餐补,五险一金",10k-20k,20,10,15.0,1-3年
致远软件,"移动互联网,社交网络",人力资源实习生（企业文化方向）,实习,2017-05-10 08:44:47,成熟型(不需要融资),"['五险一金', '股票期权', '绩效奖金', '专项奖金']",500-2000人,北京,海淀区,综合职能类,本科,"大企业集团,可开证明,环境舒适,免费班车",2k-3k,3,2,2.5,不限
友邦软件,"移动互联网,电子商务",Java 高级开发工程师,全职,2017-05-10 08:44:45,成长型(不需要融资),"['技能培训', '年底双薪', '股票期权', '带薪年假']",150-500人,成都,高新区,开发/测试/运维类,大专,"五险一金,员工旅游,定期体检,年终奖金",8k-15k,15,8,11.5,1-3年
华为技术有限公司,"移动互联网,企业服务",图形图像开发工程师,全职,2017-05-10 08:44:43,成熟型(不需要融资),"['技能培训', '节日礼物', '股票期权', '绩效奖金']",2000人以上,西安,雁塔区,开发/测试/运维类,本科,加班少、压力小、发展前景好，薪资丰厚,25k-40k,40,25,32.5,5-10年
广东亿迅,其他,用户体验师,全职,2017-05-10 08:44:40,成熟型(不需要融资),"['技能培训', '节日礼物', '年底双薪', '带薪年假']",2000人以上,广州,天河区,设计类,本科,商业保险、带薪年假、年度体检、福利高,7k-12k,12,7,9.5,1-3年
智芯,其他,传感器算法工程师,全职,2017-05-10 08:45:34,成长型(A轮),"['股票期权', '绩效奖金', '岗位晋升', '扁平管理']",50-150人,深圳,宝安区,开发/测试/运维类,本科,"五险,全勤奖,补贴福利,年终奖",7k-12k,12,7,9.5,1-3年
用友政务,数据服务,人力资源实习生（招聘）,实习,2017-05-10 08:45:19,上市公司,"['五险一金', '年终奖', '补充医疗保险', '商业保险']",500-2000人,北京,海淀区,综合职能类,本科,"住宿补贴,交通补贴,餐补",2k-4k,4,2,3.0,不限
天房科技,"企业服务,信息安全",软件产品经理,全职,2017-05-10 08:45:15,上市公司,"['年底双薪', '管理规范', '定期体检', '五险一金']",150-500人,天津,南开区,产品,本科,五险一金，双休，绩效奖金，国企新三板上市,7k-12k,12,7,9.5,3-5年
还呗-智能信贷领先者,"移动互联网,金融",JAVA 开发实习生,实习,2017-05-10 08:45:11,成长型(不需要融资),"['股票期权', '通讯津贴', '交通补助', '午餐补助']",50-150人,上海,浦东新区,开发/测试/运维类,本科,"移动金融,未来金矿,精英团队,助力成长！",4k-6k,6,4,5.0,应届毕业生
广州宸瑞,移动互联网,PHP前端工程师,全职,2017-05-10 08:45:09,初创型(天使轮),[],50-150人,广州,海珠区,开发/测试/运维类,大专,"周末双休,年底双薪,五险一金,年终奖金",8k-12k,12,8,10.0,1-3年
中体彩科技发展有限公司,"移动互联网,电子商务",培训顾问,全职,2017-05-10 08:45:08,成长型(不需要融资),"['五险一金', '通讯津贴', '带薪年假', '免费班车']",150-500人,北京,朝阳区,综合职能类,本科,弹性工作 补充保险 活动丰富 地铁附近,8k-12k,12,8,10.0,3-5年
诺奚信息技术有限公司,"金融,数据服务",C++高级软件工程师,全职,2017-05-10 08:44:58,成长型(A轮),"['午餐补助', '交通补助', '专项奖金', '五险一金']",50-150人,杭州,江干区,技术,本科,发展前景,15k-24k,24,15,19.5,1-3年
俊芮网络,"移动互联网,金融",期货投资经理,全职,2017-05-10 08:44:49,初创型(不需要融资),[],15-50人,上海,浦东新区,金融类,本科,"餐补,定期体检,节日福利,五险一金",8k-15k,15,8,11.5,1-3年
友邦软件,"移动互联网,电子商务",java,全职,2017-05-10 08:44:45,成长型(不需要融资),"['技能培训', '年底双薪', '股票期权', '带薪年假']",150-500人,天津,西青区,开发/测试/运维类,本科,"五险一金,团队强悍,待遇丰厚,节日福利",8k-16k,16,8,12.0,3-5年
致远软件,"移动互联网,社交网络",业务支持实习生,实习,2017-05-10 08:44:44,成熟型(不需要融资),"['五险一金', '股票期权', '绩效奖金', '专项奖金']",500-2000人,北京,海淀区,市场/商务/销售类,大专,"大企业集团,前途广,免费班车",2k-3k,3,2,2.5,不限
华为技术有限公司,"移动互联网,企业服务",GIS架构师,全职,2017-05-10 08:44:43,成熟型(不需要融资),"['技能培训', '节日礼物', '股票期权', '绩效奖金']",2000人以上,北京,海淀区,开发/测试/运维类,本科,大平台 高薪,30k-60k,60,30,45.0,5-10年
广东亿迅,其他,需求分析师（产品设计工程师）,全职,2017-05-10 08:44:28,成熟型(不需要融资),"['技能培训', '节日礼物', '年底双薪', '带薪年假']",2000人以上,广州,越秀区,产品/需求/项目类,本科,公司规模大，业务全面,7k-12k,12,7,9.5,3-5年
用友,"企业服务,数据服务",市场实习生,全职,2017-05-10 08:44:24,上市公司,"['技能培训', '节日礼物', '免费班车', '岗位晋升']",2000人以上,北京,海淀区,市场/商务/销售类,本科,餐补,1k-2k,2,1,1.5,不限
理才网,移动互联网,市场营销经理,全职,2017-05-10 08:44:20,成长型(B轮),"['五险一金', '弹性工作', '交通补助', '午餐补助']",150-500人,长沙,岳麓区,市场/商务/销售类,本科,五险一金、餐补交补、周末双休，弹性工作,6k-8k,8,6,7.0,3-5年
思特奇Si-tech,数据服务,WEB前端工程师,全职,2017-05-10 08:44:07,上市公司,"['绩效奖金 ', '专项奖金 ', '五险一金 ', '通讯津贴 ']",2000人以上,太原,小店区,开发/测试/运维类,本科,平台好，五险一金，绩效奖金，双休,5k-8k,8,5,6.5,1-3年
智芯,其他,大客户经理,全职,2017-05-10 08:45:34,成长型(A轮),"['股票期权', '绩效奖金', '岗位晋升', '扁平管理']",50-150人,深圳,宝安区,市场/商务/销售类,大专,"发展空间大,领导大神,待遇优厚",8k-16k,16,8,12.0,3-5年
还呗-智能信贷领先者,"移动互联网,金融",大数据开发实习生,实习,2017-05-10 08:45:11,成长型(不需要融资),"['股票期权', '通讯津贴', '交通补助', '午餐补助']",50-150人,上海,浦东新区,开发/测试/运维类,本科,"移动金融,未来金矿,精英团队,助力成长！",4k-6k,6,4,5.0,应届毕业生
广州宸瑞,移动互联网,Java,全职,2017-05-10 08:45:09,初创型(天使轮),[],50-150人,广州,海珠区,技术,大专,周末双休 五险一金 年终奖金 员工旅游,8k-12k,12,8,10.0,1-3年
中体彩科技发展有限公司,"移动互联网,电子商务",市场助理,全职,2017-05-10 08:45:08,成长型(不需要融资),"['五险一金', '通讯津贴', '带薪年假', '免费班车']",150-500人,北京,朝阳区,市场/商务/销售类,本科,弹性工作 补充保险 活动丰富 地铁附近,6k-9k,9,6,7.5,3-5年
诺奚信息技术有限公司,"金融,数据服务",商务经理,全职,2017-05-10 08:44:55,成长型(A轮),"['午餐补助', '交通补助', '专项奖金', '五险一金']",50-150人,杭州,江干区,市场/商务/销售类,本科,"平台大,前景好,领导好,环境好",15k-30k,30,15,22.5,1-3年
俊芮网络,"移动互联网,金融",量化分析师,全职,2017-05-10 08:44:49,初创型(不需要融资),[],15-50人,上海,浦东新区,金融类,本科,"五险一金,定期体检,节日福利,餐补",10k-20k,20,10,15.0,不限
友邦软件,"移动互联网,电子商务",.NET工程师,全职,2017-05-10 08:44:45,成长型(不需要融资),"['技能培训', '年底双薪', '股票期权', '带薪年假']",150-500人,天津,西青区,技术,本科,五险一金、丰厚年终、专业培训、节日福利,8k-16k,16,8,12.0,3-5年
华为技术有限公司,"移动互联网,企业服务",高级测试工程师（wh),全职,2017-05-10 08:44:43,成熟型(不需要融资),"['技能培训', '节日礼物', '股票期权', '绩效奖金']",2000人以上,武汉,东湖新技术开发区,开发/测试/运维类,本科,广阔的平台和发展空间，丰厚的待遇,25k-50k,50,25,37.5,3-5年
用友,"企业服务,数据服务",JAVA工程师,全职,2017-05-10 08:44:24,上市公司,"['技能培训', '节日礼物', '免费班车', '岗位晋升']",2000人以上,北京,海淀区,开发/测试/运维类,本科,"五险一金,餐补,免费班车",10k-12k,12,10,11.0,3-5年
理才网,移动互联网,CRM高级产品经理,全职,2017-05-10 08:44:20,成长型(B轮),"['五险一金', '弹性工作', '交通补助', '午餐补助']",150-500人,长沙,岳麓区,开发/测试/运维类,本科,五险一金、餐补交补、周末双休，弹性工作,8k-12k,12,8,10.0,5-10年
广东亿迅,其他,物流行业专家,全职,2017-05-10 08:44:16,成熟型(不需要融资),"['技能培训', '节日礼物', '年底双薪', '带薪年假']",2000人以上,广州,越秀区,产品/需求/项目类,本科,公司平台大，面向全国开展业务,10k-20k,20,10,15.0,5-10年
思特奇Si-tech,数据服务,Java开发工程师,全职,2017-05-10 08:44:07,上市公司,"['绩效奖金 ', '专项奖金 ', '五险一金 ', '通讯津贴 ']",2000人以上,银川,金凤区,开发/测试/运维类,本科,五险一金，管理规范，绩效奖金，带薪年假,5k-10k,10,5,7.5,1-3年
云盾,"移动互联网,数据服务",市场策划,全职,2017-05-10 08:44:04,成长型(A轮),"['年底双薪', '节日礼物', '技能培训', '带薪年假']",50-150人,上海,闵行区,市场/商务/销售类,本科,"职位晋升快,工作环境好,薪资优厚,福利多多",8k-12k,12,8,10.0,1-3年
致远软件,"移动互联网,社交网络",部门经理助理,全职,2017-05-10 08:44:02,成熟型(不需要融资),"['五险一金', '股票期权', '绩效奖金', '专项奖金']",500-2000人,北京,海淀区,综合职能类,大专,"大企业集团,可开证明,免费班车,环境舒适",2k-3k,3,2,2.5,不限
天生印刷,电子商务,平面设计师,全职,2017-05-10 08:43:53,初创型(未融资),"['节日礼物', '年底双薪', '股票期权', '带薪年假']",50-150人,广州,越秀区,设计类,大专,"周末双休,五险一金,节日福利,绩效奖金",4k-7k,7,4,5.5,1-3年
智芯,其他,硬件工程师,全职,2017-05-10 08:45:34,成长型(A轮),"['股票期权', '绩效奖金', '岗位晋升', '扁平管理']",50-150人,深圳,宝安区,开发/测试/运维类,本科,"弹性上班,股权期权",6k-12k,12,6,9.0,1-3年
诺奚信息技术有限公司,"金融,数据服务",销售,全职,2017-05-10 08:44:52,成长型(A轮),"['午餐补助', '交通补助', '专项奖金', '五险一金']",50-150人,杭州,江干区,市场/商务/销售类,大专,"平台大,前景好,领导好,提成高",15k-30k,30,15,22.5,不限
俊芮网络,"移动互联网,金融",基金渠道经理,全职,2017-05-10 08:44:49,初创型(不需要融资),[],15-50人,上海,浦东新区,金融类,本科,"餐补,五险一金,节日礼物,定期体检",10k-20k,20,10,15.0,不限
友邦软件,"移动互联网,电子商务",前端工程师,全职,2017-05-10 08:44:44,成长型(不需要融资),"['技能培训', '年底双薪', '股票期权', '带薪年假']",150-500人,天津,西青区,开发/测试/运维类,大专,"五险一金,丰厚年终,专业培训,节日福利",7k-14k,14,7,10.5,不限
华为技术有限公司,"移动互联网,企业服务",高级软件开发工程师（wh),全职,2017-05-10 08:44:43,成熟型(不需要融资),"['技能培训', '节日礼物', '股票期权', '绩效奖金']",2000人以上,武汉,东湖新技术开发区,开发/测试/运维类,本科,广阔的平台和发展空间，丰厚的待遇,25k-50k,50,25,37.5,3-5年
用友,"企业服务,数据服务",全渠道零售产品经理,全职,2017-05-10 08:44:24,上市公司,"['技能培训', '节日礼物', '免费班车', '岗位晋升']",2000人以上,北京,海淀区,市场/商务/销售类,本科,"餐补,五险一金,免费班车",10k-15k,15,10,12.5,3-5年
理才网,移动互联网,解决方案顾问\系统集成工程师,全职,2017-05-10 08:44:20,成长型(B轮),"['五险一金', '弹性工作', '交通补助', '午餐补助']",150-500人,长沙,岳麓区,产品/需求/项目类,本科,周末双休，五险一金，餐厅交通补贴,5k-10k,10,5,7.5,3-5年
思特奇Si-tech,数据服务,系统运维工程师,全职,2017-05-10 08:44:07,上市公司,"['绩效奖金 ', '专项奖金 ', '五险一金 ', '通讯津贴 ']",2000人以上,银川,金凤区,技术,本科,七险一金、带薪年假、专业培训、完善的福利,6k-10k,10,6,8.0,不限
云盾,"移动互联网,数据服务",售前工程师（等级保护）,全职,2017-05-10 08:44:04,成长型(A轮),"['年底双薪', '节日礼物', '技能培训', '带薪年假']",50-150人,上海,闵行区,运营/编辑/客服,本科,"加薪晋职多,福利待遇好,技术提升快,公司环境棒",10k-20k,20,10,15.0,1-3年
广东亿迅,其他,售前工程师 (教育行业信息化),全职,2017-05-10 08:44:04,成熟型(不需要融资),"['技能培训', '节日礼物', '年底双薪', '带薪年假']",2000人以上,广州,天河区,运营/编辑/客服,本科,公司业务全面，员工发展空间大，福利好,7k-12k,12,7,9.5,3-5年
致远软件,"移动互联网,社交网络",法务助理,全职,2017-05-10 08:44:01,成熟型(不需要融资),"['五险一金', '股票期权', '绩效奖金', '专项奖金']",500-2000人,北京,海淀区,综合职能类,本科,"大企业集团,快速成长,免费班车,环境舒适",2k-3k,3,2,2.5,不限
天生印刷,电子商务,销售实习生,全职,2017-05-10 08:43:53,初创型(未融资),"['节日礼物', '年底双薪', '股票期权', '带薪年假']",50-150人,广州,越秀区,市场/商务/销售类,大专,"挑战高薪,双休,晋升空间",2k-3k,3,2,2.5,应届毕业生
携程,"移动互联网,旅游",测试工程师,全职,2017-05-10 08:43:51,上市公司,"['绩效奖金', '股票期权', '五险一金', '交通补助']",2000人以上,上海,长宁区,技术,本科,晋升机会大；股权激励,10k-15k,15,10,12.5,1-3年
易居电子商务股份有限公司,"移动互联网,生活服务",家装销售,全职,2017-05-10 08:43:47,初创型(未融资),[],150-500人,北京,丰台区,市场/商务/销售类,不限,"工作环境好,领带nic,不定时团建,员工旅游",5k-10k,10,5,7.5,不限
京东,"移动互联网,电子商务",高级 UI 设计师（京东到家）,全职,2017-05-10 08:43:32,上市公司,"['免费班车', '带薪年假', '绩效奖金', '岗位晋升']",2000人以上,北京,大兴区,设计类,本科,"重视人才,发展空间大,高速发展期",15k-25k,25,15,20.0,3-5年
智芯,其他,品质工程师（驻厂PQE）,全职,2017-05-10 08:45:34,成长型(A轮),"['股票期权', '绩效奖金', '岗位晋升', '扁平管理']",50-150人,深圳,宝安区,技术,大专,"五险,绩效奖金,补贴,弹性工作",5k-8k,8,5,6.5,1-3年
诺奚信息技术有限公司,"金融,数据服务",市场总监,全职,2017-05-10 08:44:50,成长型(A轮),"['午餐补助', '交通补助', '专项奖金', '五险一金']",50-150人,杭州,江干区,市场/商务/销售类,本科,"平台大,资源广,领导好,前景好",40k-70k,70,40,55.0,1-3年
用友,"企业服务,数据服务",HR高级实施顾问,全职,2017-05-10 08:44:24,上市公司,"['技能培训', '节日礼物', '免费班车', '岗位晋升']",2000人以上,北京,海淀区,综合职能类,本科,"五险一金,餐补,免费班车",10k-15k,15,10,12.5,5-10年
理才网,移动互联网,wms产品经理,全职,2017-05-10 08:44:20,成长型(B轮),"['五险一金', '弹性工作', '交通补助', '午餐补助']",150-500人,长沙,岳麓区,产品/需求/项目类,大专,五险一金、餐补交补、周末双休，弹性工作,7k-14k,14,7,10.5,3-5年
思特奇Si-tech,数据服务,Java工程师,全职,2017-05-10 08:44:07,上市公司,"['绩效奖金 ', '专项奖金 ', '五险一金 ', '通讯津贴 ']",2000人以上,太原,小店区,技术,本科,七险一金、带薪年假、专业培训、完善的福利,5k-10k,10,5,7.5,1-3年
云盾,"移动互联网,数据服务",Web安全研究工程师,全职,2017-05-10 08:44:04,成长型(A轮),"['年底双薪', '节日礼物', '技能培训', '带薪年假']",50-150人,上海,闵行区,开发/测试/运维类,本科,"加薪晋职多,福利多多,公司环境好,技术提升快",15k-25k,25,15,20.0,3-5年
天生印刷,电子商务,电商主管,全职,2017-05-10 08:43:53,初创型(未融资),"['节日礼物', '年底双薪', '股票期权', '带薪年假']",50-150人,广州,越秀区,运营/编辑/客服,不限,双休五险一金绩效奖金高温补贴年终奖金,5k-8k,8,5,6.5,1-3年
携程,"移动互联网,旅游",前端JS开发工程师,全职,2017-05-10 08:43:50,上市公司,"['绩效奖金', '股票期权', '五险一金', '交通补助']",2000人以上,上海,长宁区,技术,本科,晋升空间大,15k-20k,20,15,17.5,3-5年
易居电子商务股份有限公司,"移动互联网,生活服务",家装业务,全职,2017-05-10 08:43:46,初创型(未融资),[],150-500人,北京,丰台区,市场/商务/销售类,不限,"交通便利,团队氛围好,福利好",5k-10k,10,5,7.5,不限
京东,"移动互联网,电子商务",用户体系资深产品经理（京东到家）,全职,2017-05-10 08:43:32,上市公司,"['免费班车', '带薪年假', '绩效奖金', '岗位晋升']",2000人以上,北京,大兴区,产品/需求/项目类,本科,"核心岗位,有期权,大平台,无边界",30k-50k,50,30,40.0,5-10年
美欣网络,"移动互联网,社交网络",网络销售月薪6k 无责底薪+高提成,全职,2017-05-10 08:43:26,初创型(未融资),[],15-50人,郑州,中原区,市场/商务/销售类,大专,"商务推广,网络销售,办公室工作,无需出差",5k-10k,10,5,7.5,不限
图讯科技,企业服务,项目经理,全职,2017-05-10 08:43:25,初创型(未融资),"['技能培训', '节日礼物', '年底双薪', '股票期权']",150-500人,杭州,余杭区,产品/需求/项目类,不限,"五险一金,绩效奖金,期权激励,补充保险",7k-12k,12,7,9.5,1-3年
安徽网新,移动互联网,网站客服顾问,全职,2017-05-10 08:43:12,初创型(未融资),"['技能培训', '节日礼物', '年底双薪', '带薪年假']",2000人以上,合肥,庐阳区,运营/编辑/客服,本科,"带薪年假,社保五险,季度团建,节日福利",3k-6k,6,3,4.5,1-3年
知网,"移动互联网,电子商务",策划编辑,全职,2017-05-10 08:43:10,上市公司,"['美女多多', '带薪年假', '绩效奖金', '岗位晋升']",2000人以上,北京,海淀区,运营/编辑/客服,本科,五险一金、提供住宿、班车接送、早午餐免费,6k-8k,8,6,7.0,3-5年
粤电物业,其他,招聘专责,全职,2017-05-10 08:42:38,成长型(不需要融资),[],150-500人,广州,天河区,综合职能类,本科,"周末双休,五险一金,丰富培训,包工作餐",3k-5k,5,3,4.0,不限
智芯,其他,平面设计师,全职,2017-05-10 08:45:34,成长型(A轮),"['股票期权', '绩效奖金', '岗位晋升', '扁平管理']",50-150人,深圳,宝安区,设计,大专,"团队靠谱,待遇丰厚,环境舒适,大牛带",6k-12k,12,6,9.0,1-3年
理才网,移动互联网,设计经理/主管,全职,2017-05-10 08:44:20,成长型(B轮),"['五险一金', '弹性工作', '交通补助', '午餐补助']",150-500人,长沙,岳麓区,设计,本科,"挑战性,有平台,发展空间大,有激励",6k-10k,10,6,8.0,3-5年
云盾,"移动互联网,数据服务",DDoS安全研究工程师,全职,2017-05-10 08:44:04,成长型(A轮),"['年底双薪', '节日礼物', '技能培训', '带薪年假']",50-150人,上海,闵行区,产品/需求/项目类,本科,"加薪晋职多,福利多多,公司环境好,技术提升快",15k-25k,25,15,20.0,3-5年
天生印刷,电子商务,业务助理、销售助理,全职,2017-05-10 08:43:53,初创型(未融资),"['节日礼物', '年底双薪', '股票期权', '带薪年假']",50-150人,广州,None,市场与销售,大专,销售助理,2k-4k,4,2,3.0,应届毕业生
携程,"移动互联网,旅游",Java开发工程师,全职,2017-05-10 08:43:50,上市公司,"['绩效奖金', '股票期权', '五险一金', '交通补助']",2000人以上,上海,长宁区,技术,本科,晋升机会大；有股权,15k-25k,25,15,20.0,1-3年
易居电子商务股份有限公司,"移动互联网,生活服务",销售代表-家装行业,全职,2017-05-10 08:43:44,初创型(未融资),[],150-500人,北京,丰台区,市场/商务/销售类,不限,"地理位置好,交通便利,人文环境好",5k-10k,10,5,7.5,应届毕业生
京东,"移动互联网,电子商务",移动端资深产品经理（京东到家）,全职,2017-05-10 08:43:32,上市公司,"['免费班车', '带薪年假', '绩效奖金', '岗位晋升']",2000人以上,北京,大兴区,产品/需求/项目类,本科,"核心岗位,千万级用户,有期权,高速发展期",30k-50k,50,30,40.0,5-10年
美欣网络,"移动互联网,社交网络",高薪+网络商务推广+五险一金,全职,2017-05-10 08:43:26,初创型(未融资),[],15-50人,郑州,中原区,市场/商务/销售类,大专,"商务推广,室内工作,环境优美,无需出差",6k-9k,9,6,7.5,不限
知网,"移动互联网,电子商务",策划编辑,全职,2017-05-10 08:43:10,上市公司,"['美女多多', '带薪年假', '绩效奖金', '岗位晋升']",2000人以上,北京,海淀区,运营/编辑/客服,本科,五险一金、提供住宿、班车接送、早午餐免费,6k-8k,8,6,7.0,1-3年
万琦威,"移动互联网,数据服务",QT（C++）工程师,全职,2017-05-10 08:42:31,成长型(不需要融资),"['年底双薪', '专项奖金', '股票期权', '绩效奖金']",50-150人,北京,朝阳区,开发/测试/运维类,本科,"新兴行业,前景广阔,团队好,场所好",10k-20k,20,10,15.0,3-5年
金蝶,"移动互联网,电子商务",Java高级开发工程师-精斗云,全职,2017-05-10 08:42:23,上市公司,"['年底双薪', '节日礼物', '技能培训', '岗位晋升']",2000人以上,深圳,南山区,开发/测试/运维类,本科,五险一金 周末双休 节日福利 弹性工作,13k-20k,20,13,16.5,5-10年
红迅软件,企业服务,JAVA高级软件工程师,全职,2017-05-10 08:42:00,初创型(未融资),"['技能培训', '股票期权', '带薪年假', '绩效奖金']",15-50人,广州,海珠区,开发/测试/运维类,本科,"上升空间大,奖金丰厚",9k-18k,18,9,13.5,3-5年
恒峰信息,"移动互联网,硬件",学科编辑,全职,2017-05-10 08:41:52,上市公司,"['技能培训', '节日礼物', '带薪年假', '岗位晋升']",150-500人,广州,天河区,运营/编辑/客服,大专,平台广阔,6k-7k,7,6,6.5,不限
快抢车,移动互联网,产品经理,全职,2017-05-10 08:41:52,成长型(不需要融资),"['技能培训', '股票期权', '带薪年假', '绩效奖金']",50-150人,杭州,西湖区,产品/需求/项目类,大专,"五险一金,全员期权,节日福利",15k-30k,30,15,22.5,3-5年
中企动力,"移动互联网,电子商务",应届毕业生,全职,2017-05-10 08:41:40,上市公司,"['技能培训', '节日礼物', '专项奖金', '带薪年假']",2000人以上,西安,莲湖区,市场/商务/销售类,大专,"五险一金,晋升平台,国内外旅游,丰富多彩的",2k-4k,4,2,3.0,应届毕业生
智芯,其他,视频设计师/影视后期制作/多媒体设计师,全职,2017-05-10 08:45:33,成长型(A轮),"['股票期权', '绩效奖金', '岗位晋升', '扁平管理']",50-150人,深圳,宝安区,设计类,大专,"智能穿戴,顶级大牛带,团队有激情,高奖励",6k-12k,12,6,9.0,1-3年
理才网,移动互联网,高级产品运营经理,全职,2017-05-10 08:44:20,成长型(B轮),"['五险一金', '弹性工作', '交通补助', '午餐补助']",150-500人,长沙,None,运营,本科,"挑战性,有平台,发展空间大,有激励",6k-8k,8,6,7.0,3-5年
携程,"移动互联网,旅游",CSS前端开发工程师,全职,2017-05-10 08:43:48,上市公司,"['绩效奖金', '股票期权', '五险一金', '交通补助']",2000人以上,上海,长宁区,技术,本科,晋升空间大,15k-20k,20,15,17.5,1-3年
易居电子商务股份有限公司,"移动互联网,生活服务",客服专员,全职,2017-05-10 08:43:44,初创型(未融资),[],150-500人,北京,丰台区,运营/编辑/客服,不限,"工作轻松,办公环境好,交通便利",4k-8k,8,4,6.0,不限
京东,"移动互联网,电子商务",移动端H5产品经理（京东到家）,全职,2017-05-10 08:43:32,上市公司,"['免费班车', '带薪年假', '绩效奖金', '岗位晋升']",2000人以上,北京,大兴区,产品/需求/项目类,本科,"核心岗位,千万级用户,有期权,高速发展期",30k-50k,50,30,40.0,5-10年
美欣网络,"移动互联网,社交网络",英语翻译,全职,2017-05-10 08:43:26,初创型(未融资),[],15-50人,郑州,中原区,市场/商务/销售类,大专,"商务推广,喜欢沟通,办公室工作,无需出差",5k-7k,7,5,6.0,不限
知网,"移动互联网,电子商务",读者服务,全职,2017-05-10 08:43:09,上市公司,"['美女多多', '带薪年假', '绩效奖金', '岗位晋升']",2000人以上,北京,海淀区,运营,本科,绩效奖金多、职工宿舍、班车接送、免费三餐,3k-6k,6,3,4.5,不限
万琦威,"移动互联网,数据服务",BIM商务经理,全职,2017-05-10 08:42:31,成长型(不需要融资),"['年底双薪', '专项奖金', '股票期权', '绩效奖金']",50-150人,北京,朝阳区,金融类,本科,"工作轻松,前景好",10k-12k,12,10,11.0,3-5年
金蝶,"移动互联网,电子商务",业务助理-账无忧广州网点,全职,2017-05-10 08:42:22,上市公司,"['年底双薪', '节日礼物', '技能培训', '岗位晋升']",2000人以上,广州,越秀区,综合职能类,大专,弹性工作 专业培训 绩效奖金 节日福利,4k-8k,8,4,6.0,不限
恒峰信息,"移动互联网,硬件",市场推广主管,全职,2017-05-10 08:41:52,上市公司,"['技能培训', '节日礼物', '带薪年假', '岗位晋升']",150-500人,广州,天河区,市场/商务/销售类,大专,平台广阔、发展前景明朗、上市企业,8k-10k,10,8,9.0,不限
快抢车,移动互联网,品牌策划,全职,2017-05-10 08:41:52,成长型(不需要融资),"['技能培训', '股票期权', '带薪年假', '绩效奖金']",50-150人,杭州,西湖区,市场/商务/销售类,大专,"五险一金,全员期权,年终奖,节日福利",10k-20k,20,10,15.0,3-5年
联璧,"移动互联网,O2O",Web前端,全职,2017-05-10 08:41:30,初创型(天使轮),"['技能培训', '节日礼物', '带薪年假', '绩效奖金']",50-150人,上海,松江区,开发/测试/运维类,大专,"环境好,领导好,晋升空间,班车",10k-18k,18,10,14.0,3-5年
中企动力,"移动互联网,电子商务",市场营销,全职,2017-05-10 08:41:23,上市公司,"['技能培训', '节日礼物', '专项奖金', '带薪年假']",2000人以上,西安,莲湖区,市场与销售,大专,五险一金管理层发展方向年度旅游高薪挑战,4k-8k,8,4,6.0,不限
盈泰财富云,"移动互联网,金融",资深数据分析师,全职,2017-05-10 08:41:22,成长型(A轮),"['技能培训', '岗位晋升', '年终分红', '股票期权']",500-2000人,北京,东城区,开发/测试/运维类,本科,"福利好,周末双休,组织体检",25k-35k,35,25,30.0,3-5年
东方国信,数据服务,Java高级开发工程师（SHYT）,全职,2017-05-10 08:41:07,上市公司,"['大数据软件', '技能培训', '节日礼物', '年底双薪']",2000人以上,北京,顺义区,开发/测试/运维类,本科,13薪年终奖 餐补 供住 六险一金 节日礼品,10k-20k,20,10,15.0,5-10年
理才网,移动互联网,产品文案,全职,2017-05-10 08:44:20,成长型(B轮),"['五险一金', '弹性工作', '交通补助', '午餐补助']",150-500人,长沙,岳麓区,运营,本科,"挑战性,有平台,发展空间大,有激励",6k-9k,9,6,7.5,3-5年
美欣网络,"移动互联网,社交网络",国际营销专员,全职,2017-05-10 08:43:26,初创型(未融资),[],15-50人,郑州,中原区,市场/商务/销售类,大专,"无须经验,喜欢沟通,中午管吃,工作轻松",6k-10k,10,6,8.0,不限
知网,"移动互联网,电子商务",客服,全职,2017-05-10 08:43:09,上市公司,"['美女多多', '带薪年假', '绩效奖金', '岗位晋升']",2000人以上,北京,海淀区,运营,本科,绩效奖金多、职工宿舍、班车接送、免费三餐,4k-6k,6,4,5.0,不限
万琦威,"移动互联网,数据服务",CryEngine程序员,全职,2017-05-10 08:42:31,成长型(不需要融资),"['年底双薪', '专项奖金', '股票期权', '绩效奖金']",50-150人,北京,朝阳区,开发/测试/运维类,本科,"架构设计,可视化,三维引擎,前景好",8k-16k,16,8,12.0,3-5年
金蝶,"移动互联网,电子商务",商务助理-蝶金安徽RBU,全职,2017-05-10 08:42:21,上市公司,"['年底双薪', '节日礼物', '技能培训', '岗位晋升']",2000人以上,合肥,蜀山区,市场/商务/销售类,大专,弹性工作 绩效奖金 专业培训 节日福利,6k-8k,8,6,7.0,1-3年
恒峰信息,"移动互联网,硬件",活动策划,全职,2017-05-10 08:41:52,上市公司,"['技能培训', '节日礼物', '带薪年假', '岗位晋升']",150-500人,广州,天河区,市场/商务/销售类,大专,平台广阔、领导nice、年轻活力,6k-8k,8,6,7.0,不限
快抢车,移动互联网,网络销售,全职,2017-05-10 08:41:52,成长型(不需要融资),"['技能培训', '股票期权', '带薪年假', '绩效奖金']",50-150人,杭州,西湖区,市场/商务/销售类,不限,"五险一金,全勤奖,周末双休,高额提成",6k-10k,10,6,8.0,不限
盈泰财富云,"移动互联网,金融",高级数据分析师,全职,2017-05-10 08:41:22,成长型(A轮),"['技能培训', '岗位晋升', '年终分红', '股票期权']",500-2000人,北京,东城区,开发/测试/运维类,本科,"福利好,周末双休,组织体检",20k-30k,30,20,25.0,3-5年
东方国信,数据服务,Web前端高级开发工程师（SHYT）,全职,2017-05-10 08:41:07,上市公司,"['大数据软件', '技能培训', '节日礼物', '年底双薪']",2000人以上,北京,顺义区,开发/测试/运维类,本科,13薪年终奖 餐补 供住 六险一金 节日礼品,10k-20k,20,10,15.0,5-10年
杜特软件,移动互联网,C#开发工程师,全职,2017-05-10 08:41:07,初创型(未融资),[],50-150人,佛山,禅城区,技术,大专,老板有魄力，员工有激情，发展无限好！,4K-8K,8,4,6.0,不限
大帝科技,"移动互联网,数据服务",系统分析师,全职,2017-05-10 08:41:06,成长型(不需要融资),[],150-500人,深圳,南山区,开发/测试/运维类,大专,"周末双休,五险一金,节日福利,员工旅游",10k-15k,15,10,12.5,3-5年
师悦科技,"移动互联网,教育",产品经理,全职,2017-05-10 08:40:57,初创型(未融资),"['带薪年假', '交通补助', '定期体检', '午餐补助']",50-150人,西安,未央区,产品/需求/项目类,本科,"周末双休,带薪年假,专业培训",3k-6k,6,3,4.5,1-3年
WBB沃巴博,广告营销,资深设计师｜广告设计师｜平面设计师｜美术设计师,全职,2017-05-10 08:40:49,初创型(不需要融资),"['带薪年假', '绩效奖金', '年度旅游', '定期体检']",15-50人,上海,普陀区,设计类,大专,"团队氛围好,五险一金,公司旅游,福利好",6k-12k,12,6,9.0,1-3年
爱WiFi,移动互联网,技术预研工程师,全职,2017-05-10 08:40:39,成长型(不需要融资),"['绩效奖金', '交通补助', '通讯津贴', '午餐补助']",150-500人,杭州,拱墅区,开发/测试/运维类,本科,"周末双休,奖金丰厚,带薪年假",10k-20k,20,10,15.0,3-5年
联创信息,"移动互联网,教育",Java,全职,2017-05-10 08:40:38,成长型(不需要融资),"['节日礼物', '定期体检', '通讯津贴', '五险一金']",150-500人,合肥,高新区,技术,本科,"六险一金,餐补,话费补",6k-12k,12,6,9.0,3-5年
知网,"移动互联网,电子商务",客服,全职,2017-05-10 08:42:58,上市公司,"['美女多多', '带薪年假', '绩效奖金', '岗位晋升']",2000人以上,北京,海淀区,运营,本科,绩效奖金多、职工宿舍、班车接送、免费三餐,4k-6k,6,4,5.0,不限
万琦威,"移动互联网,数据服务",业务工程师(物业运维方向),全职,2017-05-10 08:42:31,成长型(不需要融资),"['年底双薪', '专项奖金', '股票期权', '绩效奖金']",50-150人,北京,朝阳区,产品/需求/项目类,本科,"物业运维,CBD,气氛好",10k-15k,15,10,12.5,3-5年
金蝶,"移动互联网,电子商务",销售代表,全职,2017-05-10 08:42:18,上市公司,"['年底双薪', '节日礼物', '技能培训', '岗位晋升']",2000人以上,深圳,南山区,市场/商务/销售类,大专,弹性工作 绩效奖金 专业培训 节日福利,10k-15k,15,10,12.5,不限
恒峰信息,"移动互联网,硬件",品牌策划主管,全职,2017-05-10 08:41:52,上市公司,"['技能培训', '节日礼物', '带薪年假', '岗位晋升']",150-500人,广州,天河区,市场/商务/销售类,大专,平台广阔、领导nice、年轻活力,6k-8k,8,6,7.0,不限
快抢车,移动互联网,APP推广主管/经理,全职,2017-05-10 08:41:52,成长型(不需要融资),"['技能培训', '股票期权', '带薪年假', '绩效奖金']",50-150人,杭州,西湖区,市场/商务/销售类,大专,"五险一金,全勤奖,全员期权",8k-16k,16,8,12.0,3-5年
盈泰财富云,"移动互联网,金融",高级数据分析师,全职,2017-05-10 08:41:22,成长型(A轮),"['技能培训', '岗位晋升', '年终分红', '股票期权']",500-2000人,北京,东城区,开发/测试/运维类,本科,"福利好,周末双休,组织体检",25k-35k,35,25,30.0,3-5年
东方国信,数据服务,java开发工程师,全职,2017-05-10 08:41:07,上市公司,"['大数据软件', '技能培训', '节日礼物', '年底双薪']",2000人以上,合肥,高新区,开发/测试/运维类,本科,互联网金融行业,6k-10k,10,6,8.0,1-3年
杜特软件,移动互联网,软件测试工程师,全职,2017-05-10 08:41:06,初创型(未融资),[],50-150人,佛山,禅城区,开发/测试/运维类,大专,发展前景广阔、工作环境优雅、福利待遇丰厚,3k-6k,6,3,4.5,1-3年
师悦科技,"移动互联网,教育",性能测试工程师,全职,2017-05-10 08:40:57,初创型(未融资),"['带薪年假', '交通补助', '定期体检', '午餐补助']",50-150人,西安,未央区,开发/测试/运维类,本科,"五险一金,项目提成,生日祝福",7k-14k,14,7,10.5,3-5年
大帝科技,"移动互联网,数据服务",流媒体工程师,全职,2017-05-10 08:40:52,成长型(不需要融资),[],150-500人,深圳,南山区,开发/测试/运维类,大专,"周末双休,带薪年假,节日福利,五险一金",10k-20k,20,10,15.0,3-5年
WBB沃巴博,广告营销,SAE资深客户执行,全职,2017-05-10 08:40:49,初创型(不需要融资),"['带薪年假', '绩效奖金', '年度旅游', '定期体检']",15-50人,上海,普陀区,市场/商务/销售类,本科,"五险一金,年底双薪,团队文化好,发展前景大",6k-12k,12,6,9.0,3-5年
爱WiFi,移动互联网,招聘负责人,全职,2017-05-10 08:40:39,成长型(不需要融资),"['绩效奖金', '交通补助', '通讯津贴', '午餐补助']",150-500人,杭州,拱墅区,综合职能类,本科,"发展空间大,福利好",7k-10k,10,7,8.5,3-5年
联创信息,"移动互联网,教育",Java,全职,2017-05-10 08:40:37,成长型(不需要融资),"['节日礼物', '定期体检', '通讯津贴', '五险一金']",150-500人,南京,鼓楼区,技术,本科,六险一金，餐补话补,10k-18k,18,10,14.0,3-5年
中企动力,"移动互联网,电子商务",销售专员,全职,2017-05-10 08:40:37,上市公司,"['技能培训', '节日礼物', '专项奖金', '带薪年假']",2000人以上,西安,雁塔区,市场与销售,大专,晋升 五险一金 上市公司,4k-8k,8,4,6.0,应届毕业生
智森科技,"移动互联网,电子商务",人事/助理,全职,2017-05-10 08:40:30,初创型(未融资),"['技能培训', '带薪年假', '岗位晋升', '年度旅游']",50-150人,郑州,郑东新区,综合职能类,大专,"无责任底薪,奖金,员工旅游,节日福利",2k-4k,4,2,3.0,不限
知网,"移动互联网,电子商务",策划编辑,全职,2017-05-10 08:42:57,上市公司,"['美女多多', '带薪年假', '绩效奖金', '岗位晋升']",2000人以上,北京,海淀区,运营/编辑/客服,本科,五险一金、早午餐免费、提供住宿、班车接送,6k-8k,8,6,7.0,1-3年
盈泰财富云,"移动互联网,金融",研究员,全职,2017-05-10 08:41:22,成长型(A轮),"['技能培训', '岗位晋升', '年终分红', '股票期权']",500-2000人,北京,东城区,金融类,本科,"福利好,周末双休,组织体检",15k-30k,30,15,22.5,1-3年
东方国信,数据服务,web前端工程师,全职,2017-05-10 08:41:07,上市公司,"['大数据软件', '技能培训', '节日礼物', '年底双薪']",2000人以上,合肥,高新区,开发/测试/运维类,本科,互联网金融行业,6k-10k,10,6,8.0,1-3年
杜特软件,移动互联网,unity3D 开发工程师,全职,2017-05-10 08:41:05,初创型(未融资),[],50-150人,佛山,禅城区,技术,大专,发展前景广阔、工作环境优雅、福利待遇丰厚,4k-8k,8,4,6.0,1-3年
师悦科技,"移动互联网,教育",java开发经理,全职,2017-05-10 08:40:57,初创型(未融资),"['带薪年假', '交通补助', '定期体检', '午餐补助']",50-150人,西安,未央区,开发/测试/运维类,本科,"五险一金,项目提成,期权,带薪调休",10k-20k,20,10,15.0,3-5年
WBB沃巴博,广告营销,创意组长,全职,2017-05-10 08:40:49,初创型(不需要融资),"['带薪年假', '绩效奖金', '年度旅游', '定期体检']",15-50人,上海,普陀区,市场/商务/销售类,本科,"团队氛围好,晋升机会大,平台好",10k-20k,20,10,15.0,5-10年
大帝科技,"移动互联网,数据服务",.NET软件工程师,全职,2017-05-10 08:40:48,成长型(不需要融资),[],150-500人,深圳,南山区,开发/测试/运维类,大专,"周末双休,五险一金,节日福利,员工旅游",10k-15k,15,10,12.5,3-5年
爱WiFi,移动互联网,C/C++开发工程师,全职,2017-05-10 08:40:39,成长型(不需要融资),"['绩效奖金', '交通补助', '通讯津贴', '午餐补助']",150-500人,杭州,拱墅区,开发/测试/运维类,本科,"平台大,技术新,福利好",10k-18k,18,10,14.0,3-5年
联创信息,"移动互联网,教育",运营经理-昆明,全职,2017-05-10 08:40:36,成长型(不需要融资),"['节日礼物', '定期体检', '通讯津贴', '五险一金']",150-500人,昆明,五华区,运营,本科,我们将为您提供性价比最高的运营岗位,6k-10k,10,6,8.0,不限
智森科技,"移动互联网,电子商务",文案策划,全职,2017-05-10 08:40:30,初创型(未融资),"['技能培训', '带薪年假', '岗位晋升', '年度旅游']",50-150人,郑州,郑东新区,市场与销售,大专,无责底薪+高奖金 聚餐 外出旅游,5k-8k,8,5,6.5,不限
蛮蛮云计算,移动互联网,CDN＆IDC销售经理,全职,2017-05-10 08:40:21,成长型(A轮),"['专项奖金', '带薪年假', '通讯津贴', '定期体检']",50-150人,广州,天河区,市场/商务/销售类,大专,"期权,高提成,氛围好,弹性",10k-15k,15,10,12.5,3-5年
助攻,"移动互联网,硬件",嵌入式软件开发（单片机）,全职,2017-05-10 08:40:17,初创型(天使轮),"['股票期权', '年终分红', '扁平管理', '领导好']",15-50人,上海,闵行区,开发/测试/运维类,本科,"工作扁平,初创团队",8k-16k,16,8,12.0,1-3年
联创集团信通科技,"移动互联网,教育",java开发工程师,全职,2017-05-10 08:40:11,成长型(不需要融资),"['节日礼物', '带薪年假', '补充医保', '补充子女医保']",150-500人,合肥,高新区,开发/测试/运维类,本科,"五险一金,商业保险,餐饮补贴,带薪年假",5k-10k,10,5,7.5,1-3年
YY Inc,移动互联网,机器学习/算法工程师,全职,2017-05-10 08:39:32,上市公司,"['技能培训', '节日礼物', '无息贷款', '绩效奖金']",2000人以上,广州,番禺区,开发/测试/运维类,不限,"核心部门,包餐下午茶,13+奖金,每年旅游",13k-26k,26,13,19.5,不限
智贝星商城,"电子商务,硬件",JAVA,全职,2017-05-10 08:39:27,初创型(天使轮),"['专项奖金', '股票期权', '交通补助', '通讯津贴']",15-50人,盐城,建湖县,开发/测试/运维类,本科,"期权,挑战性,假日福利",6k-12k,12,6,9.0,1-3年
师悦科技,"移动互联网,教育",java架构师,全职,2017-05-10 08:40:57,初创型(未融资),"['带薪年假', '交通补助', '定期体检', '午餐补助']",50-150人,西安,未央区,开发/测试/运维类,本科,"期权奖励,五险一金,带薪调休,项目提成",15k-25k,25,15,20.0,5-10年
WBB沃巴博,广告营销,策划经理,全职,2017-05-10 08:40:49,初创型(不需要融资),"['带薪年假', '绩效奖金', '年度旅游', '定期体检']",15-50人,上海,普陀区,市场/商务/销售类,本科,"团队氛围好,晋升机会大,平台好",8k-15k,15,8,11.5,5-10年
大帝科技,"移动互联网,数据服务",Android软件开发工程师,全职,2017-05-10 08:40:42,成长型(不需要融资),[],150-500人,深圳,南山区,开发/测试/运维类,大专,"周末双休,带薪年假,五险一金,节日福利",8k-15k,15,8,11.5,3-5年
爱WiFi,移动互联网,客服专员,全职,2017-05-10 08:40:39,成长型(不需要融资),"['绩效奖金', '交通补助', '通讯津贴', '午餐补助']",150-500人,杭州,拱墅区,运营/编辑/客服,本科,"带薪年假,五险一金,餐饮补贴,绩效奖金",1k-2k,2,1,1.5,应届毕业生
联创信息,"移动互联网,教育",运维工程师,全职,2017-05-10 08:40:35,成长型(不需要融资),"['节日礼物', '定期体检', '通讯津贴', '五险一金']",150-500人,乌鲁木齐,水磨沟区,开发/测试/运维类,大专,"五险一金,补充医疗,补贴",5k-8k,8,5,6.5,不限
智森科技,"移动互联网,电子商务",网络营销,全职,2017-05-10 08:40:28,初创型(未融资),"['技能培训', '带薪年假', '岗位晋升', '年度旅游']",50-150人,郑州,郑东新区,市场与销售,不限,公司聚会、旅游,7k-10k,10,7,8.5,不限
蛮蛮云计算,移动互联网,产品经理（云计算）,全职,2017-05-10 08:40:21,成长型(A轮),"['专项奖金', '带薪年假', '通讯津贴', '定期体检']",50-150人,北京,朝阳区,产品/需求/项目类,大专,"期权,氛围好,潜力",10k-15k,15,10,12.5,3-5年
联创集团信通科技,"移动互联网,教育",Java开发工程师,全职,2017-05-10 08:40:10,成长型(不需要融资),"['节日礼物', '带薪年假', '补充医保', '补充子女医保']",150-500人,南京,建邺区,开发/测试/运维类,本科,"五险一金,带薪年假,餐饮补贴,补充医疗",5k-10k,10,5,7.5,1-3年
YY Inc,移动互联网,Java开发工程师,全职,2017-05-10 08:39:31,上市公司,"['技能培训', '节日礼物', '无息贷款', '绩效奖金']",2000人以上,广州,None,技术,本科,"核心部门,包餐下午茶,13+奖金,每年旅游",13k-25k,25,13,19.0,不限
智贝星商城,"电子商务,硬件",ios,全职,2017-05-10 08:39:27,初创型(天使轮),"['专项奖金', '股票期权', '交通补助', '通讯津贴']",15-50人,盐城,建湖县,开发/测试/运维类,大专,轻松的氛围,5k-8k,8,5,6.5,1-3年
泽宇,其他,外贸专员,全职,2017-05-10 08:39:12,成熟型(C轮),"['技能培训', '节日礼物', '带薪年假', '绩效奖金']",150-500人,深圳,光明新区,市场/商务/销售类,大专,"发展空间大,工作环境好,福利待遇高",5k-8k,8,5,6.5,不限
阳光互联网金融中心,金融,家装风控政策,全职,2017-05-10 08:39:05,成熟型(不需要融资),"['绩效奖金', '五险一金', '通讯津贴', '交通补助']",2000人以上,北京,朝阳区,金融类,本科,"项目制,发展空间大",15k-30k,30,15,22.5,3-5年
笨鸟社交深圳分公司,"移动互联网,社交网络",网络爬虫工程师,全职,2017-05-10 08:38:55,成长型(A轮),"['股票期权', '带薪年假', '通讯津贴', '年终分红']",50-150人,深圳,南山区,开发/测试/运维类,硕士,"完成A轮,行业前景好",15k-30k,30,15,22.5,1-3年
天涯社区,"移动互联网,社交网络",ios开发工程师,全职,2017-05-10 08:38:51,上市公司,"['五险一金', '交通补助', '带薪年假', '节日礼物']",500-2000人,海口,None,技术,本科,福利待遇优厚,8k-16k,16,8,12.0,3-5年
博博科技,"移动互联网,数据服务",出纳,全职,2017-05-10 08:38:51,初创型(不需要融资),[],15-50人,长沙,岳麓区,综合职能类,大专,"双休,五险一金,年终奖,下午茶点",2k-4k,4,2,3.0,1-3年
师悦科技,"移动互联网,教育",前端工程师,全职,2017-05-10 08:40:57,初创型(未融资),"['带薪年假', '交通补助', '定期体检', '午餐补助']",50-150人,西安,未央区,开发/测试/运维类,本科,"期权奖励,项目提成,带薪调休,五险一金",6k-12k,12,6,9.0,不限
智森科技,"移动互联网,电子商务",诚聘.net程序员,全职,2017-05-10 08:40:28,初创型(未融资),"['技能培训', '带薪年假', '岗位晋升', '年度旅游']",50-150人,郑州,郑东新区,技术,不限,奖金 绩效 公司内部聚会 不定时外出旅游,7k-10k,10,7,8.5,1-3年
蛮蛮云计算,移动互联网,招商总监,全职,2017-05-10 08:40:21,成长型(A轮),"['专项奖金', '带薪年假', '通讯津贴', '定期体检']",50-150人,北京,朝阳区,市场/商务/销售类,本科,"期权,团队氛围,平台机会",15k-20k,20,15,17.5,3-5年
联创集团信通科技,"移动互联网,教育",运维工程师,全职,2017-05-10 08:40:09,成长型(不需要融资),"['节日礼物', '带薪年假', '补充医保', '补充子女医保']",150-500人,乌鲁木齐,水磨沟区,开发/测试/运维类,大专,"五险一金,补充医疗,补贴",5k-8k,8,5,6.5,1-3年
智贝星商城,"电子商务,硬件",web,全职,2017-05-10 08:39:27,初创型(天使轮),"['专项奖金', '股票期权', '交通补助', '通讯津贴']",15-50人,盐城,建湖县,开发/测试/运维类,大专,极具挑战性,10k-12k,12,10,11.0,1-3年
阳光互联网金融中心,金融,消费分期审批负责人,全职,2017-05-10 08:39:05,成熟型(不需要融资),"['绩效奖金', '五险一金', '通讯津贴', '交通补助']",2000人以上,北京,朝阳区,金融类,本科,五险一金,15k-25k,25,15,20.0,5-10年
笨鸟社交深圳分公司,"移动互联网,社交网络",python工程师,全职,2017-05-10 08:38:55,成长型(A轮),"['股票期权', '带薪年假', '通讯津贴', '年终分红']",50-150人,深圳,南山区,开发/测试/运维类,本科,海量数据,15k-30k,30,15,22.5,不限
博博科技,"移动互联网,数据服务",运营客服,全职,2017-05-10 08:38:49,初创型(不需要融资),[],15-50人,长沙,岳麓区,运营/编辑/客服,不限,"双休,五险一金,年终奖,餐补",2k-4k,4,2,3.0,1-3年
天涯社区,"移动互联网,社交网络",Android工程师,全职,2017-05-10 08:38:47,上市公司,"['五险一金', '交通补助', '带薪年假', '节日礼物']",500-2000人,海口,None,技术,本科,福利待遇优厚,8k-15k,15,8,11.5,3-5年
